,date,total,price,condition,movement,case material,band material,model,listingType,start,url
0,2019-04-24,4905.0,4860.0,pre-owned,NULL,NULL,NULL,Rolex Oyster Perpetual,StoreInventory,2019-04-15,http://www.ebay.com/itm/rolex-68243-midsize-18k-gold-ss-oyster-perpetual-datejust-31mm-saphire-crystal-/333158582889
1,2019-04-24,4300.0,4300.0,pre-owned,Mechanical (Hand-winding),White Gold,Alligator,Cellini,FixedPrice,2019-03-17,http://www.ebay.com/itm/rolex-cellini-5330-/254167439822
2,2019-04-24,4789.0,4750.0,pre-owned,Mechanical (Automatic),Stainless Steel,Stainless Steel,Rolex Datejust,Auction,2019-04-14,http://www.ebay.com/itm/rolex-26mm-datejust-18k-rose-steel-179163-white-roman-100-genuine-2007-/133022658662
3,2019-04-24,6894.0,6894.0,pre-owned,Mechanical (Automatic),Stainless Steel,Stainless Steel,Rolex Submariner,FixedPrice,2018-10-12,http://www.ebay.com/itm/rolex-submariner-4-line-engraved-rehaut-no-date-stainless-black-14060-m-watch-/153216470702
4,2019-04-24,3015.0,3015.0,pre-owned,NULL,Gold,Gold,Rolex Oysterquartz,FixedPrice,2019-04-21,http://www.ebay.com/itm/mint-rolex-oysterquartz-datejust-17013-two-tone-gold-steel-integral-watch-/273816367398
5,2019-04-24,7000.0,7000.0,pre-owned,Mechanical (Automatic),Solid Gold,NULL,Rolex President,StoreInventory,2019-04-24,http://www.ebay.com/itm/rolex-genuine-18k-yellow-gold-president-bracelet-18238-fits-all-36mm-day-date-/372658474982
6,2019-04-24,5900.0,5900.0,pre-owned,Mechanical (Automatic),NULL,"Stainless Steel, 18k Yellow Gold",Yachtmaster,StoreInventory,2019-04-02,http://www.ebay.com/itm/rolex-yachtmaster-midsize-two-tone-watch-168623blso-/173860680112
7,2019-04-24,6278.0,6278.0,pre-owned,Mechanical (Automatic),Stainless Steel,Stainless Steel,Datejust II,FixedPrice,2019-04-16,http://www.ebay.com/itm/rolex-datejust-ii-auto-41mm-steel-mens-oyster-bracelet-watch-116300-/283454122753
8,2019-04-24,8050.0,8050.0,pre-owned,Mechanical (Automatic),NULL,"18k Rose Gold & Steel, Stainless Steel",Rolex Datejust,StoreInventory,2019-04-24,http://www.ebay.com/itm/rolex-datejust-116231-stainless-steel-18k-rose-gold-36mm-watch-box-papers-/392283478348
9,2019-04-24,3182.0,3150.0,pre-owned,NULL,Stainless Steel,Two-Tone: Stainless Steel & 18k Yellow Gold,Rolex Datejust,FixedPrice,2019-04-04,http://www.ebay.com/itm/mans-rolex-datejust-16013-stainless-gold-serviced-/254189143041
10,2019-04-24,8050.0,8050.0,pre-owned,Mechanical (Automatic),18K Yellow Gold and Stainless Steel,18K Yellow Gold and Stainless Steel,Rolex Datejust,StoreInventory,2019-04-24,http://www.ebay.com/itm/rolex-datejust-116231-stainless-steel-18k-rose-gold-36mm-watch-box-papers-/401755246820
11,2019-04-24,4750.0,4750.0,pre-owned,Mechanical Movement,Stainless Steel,Two-Tone: Stainless Steel & 10k Yellow Gold,Datejust,StoreInventory,2019-02-07,http://www.ebay.com/itm/rolex-datejust-36mm-steel-jubilee-mens-watch-w-mop-diamond-dial-1-5ct-bezel-/254113323794
12,2019-04-24,3400.0,3400.0,pre-owned,Mechanical (Automatic),"Solid Gold, Stainless Steel","Solid Gold, Stainless Steel",Rolex Datejust,FixedPrice,2019-04-24,http://www.ebay.com/itm/rolex-datejust-mens-36mm-watch-two-tone-roman-numeral-black-dial-gold-bezel-/293061980526
13,2019-04-24,2755.0,2755.0,pre-owned,NULL,NULL,NULL,NULL,Auction,2019-04-17,http://www.ebay.com/itm/rolex-datejust-16234-gents-stainless-steel-automatic-watch-10918jh-/323781055794
14,2019-04-24,8050.0,8050.0,pre-owned,Mechanical (Automatic),18K Yellow Gold and Stainless Steel,"18k Rose Gold & Steel, Stainless Steel",DateJust,StoreInventory,2019-04-24,http://www.ebay.com/itm/rolex-datejust-116231-stainless-steel-18k-rose-gold-36mm-watch-box-papers-/392283427379
15,2019-04-24,6995.0,6995.0,pre-owned,Mechanical (Automatic),Stainless Steel,Stainless Steel,Rolex Submariner,StoreInventory,2019-04-17,http://www.ebay.com/itm/rolex-submariner-16610-s-perfect-tritium-dial-t-25-warranty-/392278909317
16,2019-04-24,6650.0,6650.0,pre-owned,NULL,NULL,NULL,NULL,FixedPrice,2019-04-23,http://www.ebay.com/itm/rolex-submariner-14060m-mens-watch-stainless-steel-/254209246615
17,2019-04-24,3650.0,3650.0,pre-owned,Mechanical (Automatic),Stainless Steel,Stainless Steel,Rolex Oysterdate,FixedPrice,2019-02-22,http://www.ebay.com/itm/rolex-mens-oyster-perpetual-date-1500-automatic-chronometer-c-1969-swiss-lv767-/254135018522
18,2019-04-24,9000.0,9000.0,pre-owned,Mechanical (Automatic),Stainless Steel,"Stainless Steel,Yellow Gold",GMT Master II,FixedPrice,2019-02-26,http://www.ebay.com/itm/rolex-gmt-master-ii-rootbeer-auto-steel-gold-mens-bracelet-watch-date-16713-/273732518283
19,2019-04-24,11500.0,11500.0,pre-owned,Mechanical: Automatic,Stainless Steel,Stainless Steel,Rolex Sea-Dweller Deepsea,FixedPrice,2019-02-25,http://www.ebay.com/itm/rolex-deepsea-sea-dweller-auto-44mm-steel-mens-oyster-bracelet-watch-date-126660-/273730125843
20,2019-04-24,9500.0,9500.0,pre-owned,Mechanical (Automatic),Stainless Steel,Stainless Steel,Rolex Submariner,StoreInventory,2019-04-23,http://www.ebay.com/itm/40mm-submariner-rolex-black-dial-bezel-ref-116610ln-/223492101667
21,2019-04-24,4495.0,4495.0,pre-owned,Mechanical (Automatic),Stainless Steel,"Silver, Stainless Steel",NULL,FixedPrice,2019-04-23,http://www.ebay.com/itm/rolex-explorer-stainless-steel-watch-214270-com2160-/223491931502
22,2019-04-24,8000.0,8000.0,pre-owned,Mechanical (Automatic),Stainless Steel,Stainless Steel,Rolex Datejust,StoreInventory,2019-04-02,http://www.ebay.com/itm/rolex-datejust-116231-stainless-steel-18k-rose-gold-36mm-watch-box-papers-/392270219783
23,2019-04-24,7492.0,7350.0,pre-owned,NULL,Gold,Gold,Rolex Datejust,FixedPrice,2019-04-02,http://www.ebay.com/itm/rolex-date-just-16234-18k-white-gold-36mm-dimond-dial-1-6ct-dimond-bezel-w254-/192878097964
24,2019-04-24,4150.0,4150.0,pre-owned,Mechanical (Automatic),Stainless Steel,Genuine Leather,Rolex Datejust,FixedPrice,2019-02-01,http://www.ebay.com/itm/rolex-oyster-perpetual-116000-blue-dial-lnib-dated-dec-2018-w-box-papers-/143113027922
25,2019-04-24,4667.0,4667.0,pre-owned,NULL,Stainless Steel,Stainless Steel,Rolex Oyster Perpetual,Auction,2019-04-17,http://www.ebay.com/itm/rolex-oyster-perpetual-date-115200-34mm-mens-watch-white-dial-/153454813367
26,2019-04-24,4576.0,4500.0,pre-owned,Mechanical (Automatic),Stainless Steel,Stainless Steel,Rolex Datejust,FixedPrice,2019-04-22,http://www.ebay.com/itm/pre-owned-slightly-used-18-men-s-rolex-oyster-perpetual-black-dial-39mm-/143224990607
27,2019-04-24,9611.0,9611.0,pre-owned,Mechanical (Automatic),Stainless Steel,NULL,Rolex Submariner,Auction,2019-04-17,http://www.ebay.com/itm/vintage-rolex-submariner-5513-stunning-meters-first-dial-and-rivet-bracelet-/123738127278
28,2019-04-24,6500.0,6500.0,pre-owned,Mechanical (Automatic),Stainless Steel,Stainless Steel,Rolex Submariner,StoreInventory,2019-04-21,http://www.ebay.com/itm/rolex-mens-steel-submariner-black-dial-bezel-16610-box-books-/183783127547
29,2019-04-24,3077.0,3051.0,pre-owned,Mechanical (Automatic),NULL,Genuine Leather,Datejust,Auction,2019-04-17,http://www.ebay.com/itm/rolex-womens-automatic-diamond-dial-ss-gold-datejust-watch-ref-79173-c-2000-/183764313413
30,2019-04-24,7600.0,7600.0,pre-owned,AUTOMATIC,"Gold, 18k yellow gold",Yellow Gold,Rolex President,Auction,2019-04-17,http://www.ebay.com/itm/rolex-vintage-18k-yellow-gold-day-date-1806-morellis-watch-papers-buy-now-/153454573448
31,2019-04-24,3015.0,2950.0,pre-owned,Quartz (Battery),Gold,NULL,Rolex Cellini,FixedPrice,2019-03-29,http://www.ebay.com/itm/rolex-cellini-5112-18k-yellow-gold-/303111321479
32,2019-04-24,9000.0,9000.0,pre-owned,Mechanical (Automatic),NULL,Steel,GMT Master,Auction,2019-04-17,http://www.ebay.com/itm/vintage-1984-rolex-gmt-master-16750-mint-cond-orig-owner-black-pepsi-bezels-/173875267242
33,2019-04-24,8855.0,8800.0,pre-owned,Mechanical (Automatic),Stainless Steel,Stainless Steel,Rolex Submariner,StoreInventory,2019-03-25,http://www.ebay.com/itm/mens-rolex-submariner-116610-ceramic-bezel-insert-stainless-steel-g-serial-/264254639255
34,2019-04-24,5799.0,5799.0,pre-owned,Mechanical (Automatic),NULL,NULL,Tudor Oyster,StoreInventory,2019-03-24,http://www.ebay.com/itm/1940-epic-art-deco-vintage-rolex-arcade-diamond-designs-dial-prince-sz-21x45mm-/293019659058
35,2019-04-24,10600.0,10600.0,pre-owned,Automatic Winding Movement Caliber 3135 - Quickset,Stainless Steel,Stainless Steel,Rolex Submariner,FixedPrice,2019-04-23,http://www.ebay.com/itm/rolex-submariner-stainless-gold-blue-ceramic-dial-40mm-perfect-condition-/323787178289
36,2019-04-23,3400.0,3400.0,pre-owned,Mechanical (Automatic),Stainless Steel,Stainless Steel,Rolex Datejust,StoreInventory,2019-04-23,http://www.ebay.com/itm/rolex-2002-datejust-ladies-18k-gold-stainless-ref-79173-automatic-swiss-watch-/283460371933
37,2019-04-23,3150.0,3150.0,pre-owned,NULL,NULL,NULL,NULL,Auction,2019-04-16,http://www.ebay.com/itm/rolex-datejust-mens-steel-watch-18k-white-gold-bezel-silver-diamond-dial-1601-/362623141280
38,2019-04-23,6600.0,6600.0,pre-owned,Automatic Self Wind,Stainless Steel,Stainless Steel,NULL,FixedPrice,2019-04-22,http://www.ebay.com/itm/rolex-explorer-ii-216570-oyster-automatic-white-dial-/333167319544
39,2019-04-23,5200.0,5200.0,pre-owned,Mechanical (Automatic),Stainless Steel,Two-Tone: Stainless Steel & 10k Yellow Gold,Rolex Oyster Perpetual,FixedPrice,2019-04-23,http://www.ebay.com/itm/rolex-stainless-datejust-/254209469837
40,2019-04-23,6224.0,6199.0,pre-owned,NULL,NULL,NULL,NULL,Auction,2019-04-22,http://www.ebay.com/itm/rolex-216570bkso-explorer-ii-oyster-automatic-wristwatch-men-white-/283460196987
41,2019-04-23,7800.0,7800.0,pre-owned,Mechanical (Automatic),18K Solid Gold,18K Solid Gold,NULL,FixedPrice,2019-04-23,http://www.ebay.com/itm/gents-18k-rolex-president-day-date-slate-all-diamond-pleiade-dial-watch-/223492423457
42,2019-04-23,7995.0,7995.0,pre-owned,Mechanical (Automatic),18K Solid Gold,18K Solid Gold,NULL,FixedPrice,2019-04-23,http://www.ebay.com/itm/gents-18k-rolex-president-day-date-slate-all-diamond-pleiade-dial-watch-/223492404555
43,2019-04-23,4208.0,4200.0,new with tags,NULL,NULL,NULL,NULL,Auction,2019-04-23,http://www.ebay.com/itm/rolex-day-date-wristwatch-/163662330410
44,2019-04-23,10213.0,10213.0,pre-owned,NULL,Gold,NULL,NULL,Auction,2019-04-23,http://www.ebay.com/itm/immaculate-rolex-diamond-datejust-41-womens-18ct-everose-gold-watch-/192896846284
45,2019-04-23,5500.0,5500.0,pre-owned,Automatic,Stainless Steel,"Yellow Gold, Stainless Steel",Rolex Datejust,StoreInventory,2019-02-07,http://www.ebay.com/itm/rolex-datejust-31mm-s-s-jubilee-womens-watch-mop-diamond-dial-diamond-bezel-/254113323705
46,2019-04-23,3400.0,3400.0,pre-owned,Mechanical (Automatic),Stainless Steel,Stainless Steel,Rolex Oyster Perpetual,FixedPrice,2018-04-25,http://www.ebay.com/itm/rolex-air-king-114200-oyster-perpetual-no-holes-case-stainless-steel-mens-watch-/132597764542
47,2019-04-23,8650.0,8600.0,pre-owned,NULL,NULL,NULL,Rolex Deepsea,Auction,2019-04-21,http://www.ebay.com/itm/rolex-deepsea-sea-dweller-/123742924675
48,2019-04-23,4502.0,4502.0,manufacturer refurbished,Mechanical (Automatic),Stainless Steel,Stainless Steel,Rolex Oyster Perpetual,Auction,2019-04-16,http://www.ebay.com/itm/rolex-oyster-perpetual-39-blue-114300-like-new-warranty-original-box-papers-/183777123733
49,2019-04-23,4500.0,4500.0,pre-owned,NULL,NULL,NULL,NULL,Auction,2019-04-16,http://www.ebay.com/itm/women-s-stainless-steel-rolex-watch-diamond-hour-markers-excellent-condition-/153454169106
50,2019-04-23,5580.0,5550.0,pre-owned,NULL,NULL,NULL,NULL,StoreInventory,2019-04-23,http://www.ebay.com/itm/stunning-circa-2005-rolex-16600-t-sea-dweller-stainless-stell-amazing-watch-/264295582640
51,2019-04-23,6528.0,6478.0,pre-owned,Mechanical (Automatic),Stainless Steel,Stainless Steel,Rolex Submariner,StoreInventory,2019-04-21,http://www.ebay.com/itm/rolex-submariner-date-16610-u-series-1997-tight-band-very-nice-sub-/163659692636
52,2019-04-23,8900.0,8900.0,pre-owned,Mechanical (Automatic),Stainless Steel,Stainless Steel,Rolex Submariner,StoreInventory,2019-01-17,http://www.ebay.com/itm/rolex-submariner-116610-stainless-steel-black-/143094038100
53,2019-04-23,5350.0,5300.0,pre-owned,NULL,NULL,NULL,NULL,Auction,2019-04-22,http://www.ebay.com/itm/2015-rolex-datejust-116234-36mm-jubilee-black-concentric-dial-/183784317754
54,2019-04-23,10140.0,10140.0,pre-owned,NULL,Stainless Steel,NULL,Rolex GMT-Master II,FixedPrice,2019-04-23,http://www.ebay.com/itm/rolex-gmt-master-ii-16710t-2007-/264294769438
55,2019-04-23,6250.0,6250.0,pre-owned,Mechanical (Automatic),Stainless Steel,Stainless Steel,Rolex Submariner,StoreInventory,2019-04-17,http://www.ebay.com/itm/1991-40mm-rolex-submariner-16610-stainless-steel-automatic-mens-watch-/163654239036
56,2019-04-23,3100.0,3100.0,pre-owned,NULL,NULL,NULL,Rolex Oyster Perpetual,StoreInventory,2019-04-16,http://www.ebay.com/itm/1981-rolex-oyster-perpetual-datejust-16013-18k-gold-stainless-wristwatch-/283454141898
57,2019-04-23,11057.0,11057.0,pre-owned,Mechanical (Automatic),Stainless Steel,Gold,GMT Mast II,Auction,2019-04-16,http://www.ebay.com/itm/vintage-1985-rolex-gmt-master-16750-pepsi-patina-gloss-dial-serviced-/264286072011
58,2019-04-23,7301.0,7301.0,pre-owned,NULL,NULL,NULL,NULL,Auction,2019-04-16,http://www.ebay.com/itm/rolex-mens-18kt-gold-daydate-bark-president-champagne-stick-18078-sant-blanc-/183776954504
59,2019-04-23,9000.0,8950.0,new without tags,Mechanical (Automatic),Stainless Steel,Stainless Steel,Submariner,StoreInventory,2019-04-13,http://www.ebay.com/itm/rolex-submariner-116610ln-2015-/113717251582
60,2019-04-23,5040.0,5040.0,pre-owned,Mechanical (Automatic),Stainless Steel,Two-Tone: Stainless Steel & 10k Yellow Gold,NULL,Auction,2019-04-16,http://www.ebay.com/itm/rolex-datejust-18k-gold-stainless-steel-2tone-mens-16013-pinstripe-watch-rare-/323779853568
61,2019-04-23,7395.0,7395.0,new with tags,Automatic,Stainless Steel,Stainless Steel,Rolex Datejust II,StoreInventory,2019-04-11,http://www.ebay.com/itm/brand-new-rolex-126300-datejust-41mm-white-dial-jubilee-band-box-papers-/283448614255
62,2019-04-23,6601.0,6601.0,pre-owned,NULL,NULL,NULL,Rolex Submariner,Auction,2019-04-22,http://www.ebay.com/itm/rolex-submariner-16610-men-s-stainless-steel-black-face-and-bezel-/254207865036
63,2019-04-23,6500.0,6500.0,pre-owned,NULL,NULL,NULL,Rolex Yacht-Master,Auction,2019-04-22,http://www.ebay.com/itm/mens-preowned-rolex-explorer-ii-42mm-watch-mint-condition-/362628084167
64,2019-04-23,6999.0,6999.0,pre-owned,NULL,NULL,NULL,NULL,Auction,2019-04-16,http://www.ebay.com/itm/rolex-datejust-36mm-two-tone-18k-rose-gold-steel-ref-116201-black-dial-/254201408704
65,2019-04-23,3200.0,3200.0,pre-owned,Mechanical (Automatic),Stainless Steel,Stainless Steel,Rolex Datejust,StoreInventory,2019-04-22,http://www.ebay.com/itm/rolex-datejust-stainless-steel-men-watch-w-silver-dial-/323786124144
66,2019-04-23,4995.0,4995.0,pre-owned,NULL,NULL,NULL,NULL,Auction,2019-04-16,http://www.ebay.com/itm/rolex-oyster-perpetual-39-2018-114300-rare-black-dial-/303127510048
67,2019-04-23,4700.0,4700.0,pre-owned,Mechanical (Automatic),Stainless Steel,NULL,Rolex GMT-Master,FixedPrice,2019-04-23,http://www.ebay.com/itm/rolex-gmt-1675-stainless-and-gold-two-bezel-inserts-/153460958388
68,2019-04-23,8797.0,8797.0,pre-owned,Mechanical (Automatic),Stainless Steel,Stainless Steel,Rolex Submariner,FixedPrice,2019-04-20,http://www.ebay.com/itm/2018-rolex-submariner-date-116610-ln-stainless-black-dive-ceramic-40mm-watch-box-/303131827426
69,2019-04-23,6452.0,6452.0,pre-owned,NULL,NULL,NULL,NULL,Auction,2019-04-18,http://www.ebay.com/itm/rolex-submariner-14060m-includes-all-papers-original-box-/133025838699
70,2019-04-23,8895.0,8895.0,pre-owned,Mechanical (Automatic),Stainless Steel,Stainless Steel,NULL,FixedPrice,2019-04-02,http://www.ebay.com/itm/rare-spider-16750-rolex-gmt-master-pepsi-jubilee-blue-red-steel-watch-n8-/283438888819
71,2019-04-23,5800.0,5800.0,pre-owned,Mechanical (Automatic),18K Solid Gold,18K Solid Gold,NULL,StoreInventory,2019-04-16,http://www.ebay.com/itm/rolex-69178-ladies-18k-yellow-gold-datejust-president-1-20-carat-diamond-bezel-/273808401965
72,2019-04-23,3200.0,3190.0,pre-owned,Mechanical (Automatic),NULL,Stainless Steel,Rolex Oyster Perpetual,FixedPrice,2019-04-23,http://www.ebay.com/itm/rolex-oyster-s-sap-39137-71-red-grape-dial-/123744013282
73,2019-04-23,3340.0,3300.0,pre-owned,NULL,NULL,NULL,NULL,Auction,2019-04-16,http://www.ebay.com/itm/rolex-watch-mens-36mm-datejust-116233-two-tone-silver-dial-stick-markers-new-/323779225418
74,2019-04-23,3245.0,3200.0,pre-owned,Mechanical (Automatic),Stainless Steel,White Gold,Rolex Datejust,Auction,2019-04-13,http://www.ebay.com/itm/1970-rolex-1603-datejust-stainless-steel-black-dial-engine-turned-bezel-no-res-/293046530511
75,2019-04-23,4010.0,4000.0,pre-owned,Mechanical (Automatic),NULL,Stainless Steel,Rolex Oyster Perpetual,FixedPrice,2019-04-22,http://www.ebay.com/itm/rolex-oyster-s-sap-39137-71-red-grape-dial-/123743990924
76,2019-04-23,6598.0,6550.0,pre-owned,Mechanical (Automatic),"Stainless Steel, Gold","Stainless Steel, Gold",ROLEX DATE,Auction,2019-04-13,http://www.ebay.com/itm/rolex-submariner-date-ref-168000-vintage-watch-100-genuine-cal-3035-/312568820111
77,2019-04-22,3350.0,3350.0,pre-owned,Mechanical (Automatic),Stainless Steel,Genuine Leather,Rolex Datejust,Auction,2019-04-15,http://www.ebay.com/itm/rolex-datejust-16200-silver-dial-2003-excellent-36mm-free-shipping-/333158899159
78,2019-04-22,8400.0,8400.0,pre-owned,Mechanical: Automatic,Stainless Steel,Stainless Steel,Rolex Sea-Dweller Deepsea,StoreInventory,2019-04-20,http://www.ebay.com/itm/rolex-sea-dweller-deepsea-116660-stainless-steel-black-ceramic-watch-44mm-/392280728668
79,2019-04-22,3025.0,3000.0,pre-owned,NULL,NULL,NULL,NULL,Auction,2019-04-15,http://www.ebay.com/itm/rolex-mens-oyster-perpetual-datejust-jubilee-band-18k-gold-ss-quickset-/323779185651
80,2019-04-22,5800.0,5800.0,pre-owned,Automatic Self Wind,Yellow Gold,Yellow Gold,Date,StoreInventory,2019-03-23,http://www.ebay.com/itm/rolex-date-vintage-14k-solid-gold-ref-1500-mens-34mm-watch-box-papers-/293019176327
81,2019-04-22,5500.0,5500.0,pre-owned,Mechanical (Automatic),Stainless Steel,Stainless Steel,Rolex Explorer II,FixedPrice,2019-01-22,http://www.ebay.com/itm/rolex-216570-explorer-ii-stainless-steel-black-dial-series-max078865-/382745380841
82,2019-04-22,4025.0,4000.0,pre-owned,Mechanical (Automatic),"Solid Gold, Stainless Steel","Solid Gold, Stainless Steel",Rolex Oyster Perpetual,FixedPrice,2019-04-22,http://www.ebay.com/itm/rolex-oyster-perpetual-18k-yellow-gold-stainless-steel-wide-fluted-bezel-/273817303722
83,2019-04-22,8600.0,8600.0,pre-owned,NULL,NULL,NULL,NULL,Auction,2019-04-12,http://www.ebay.com/itm/rolex-datejust-ii-116333-18k-gold-stainless-steel-mens-quickset-watch-box-/392276242494
84,2019-04-22,5500.0,5500.0,new with tags,Mechanical (Automatic),Stainless Steel,Stainless Steel,Rolex Datejust II,StoreInventory,2019-04-22,http://www.ebay.com/itm/mens-rolex-datejust-ii-stainless-steel-w-white-dial-116300-/273817579015
85,2019-04-22,7000.0,7000.0,pre-owned,Mechanical (Automatic),Stainless Steel,Stainless Steel,Rolex Explorer II,Auction,2019-04-15,http://www.ebay.com/itm/mens-preowned-rolex-explorer-ii-42mm-watch-mint-condition-/362622372154
86,2019-04-22,3045.0,3000.0,pre-owned,Mechanical (Automatic),Steel,NULL,Rolex Oyster Perpetual,StoreInventory,2019-04-01,http://www.ebay.com/itm/stunning-1982-rolex-oyster-perpetual-rolex-bracelet-gents-vintage-watch-/183756604374
87,2019-04-22,5500.0,5500.0,pre-owned,Mechanical (Automatic),Stainless Steel,Stainless Steel,Rolex Submariner,FixedPrice,2019-04-22,http://www.ebay.com/itm/rolex-submariner-16610-oyster-perpetual-date-w-box-papers-1998-/323786008315
88,2019-04-22,3888.0,3888.0,pre-owned,Mechanical (Automatic),Stainless Steel,Stainless Steel,Air-King,FixedPrice,2019-04-01,http://www.ebay.com/itm/rolex-oyster-perpetual-auto-34mm-steel-mens-bracelet-watch-114200-/293030927945
89,2019-04-22,6900.0,6900.0,pre-owned,Mechanical (Automatic),Stainless Steel,Stainless Steel,Rolex Submariner,StoreInventory,2019-03-06,http://www.ebay.com/itm/rolex-submariner-date-stainless-steel-black-dial-16610t-/264227493885
90,2019-04-22,6900.0,6850.0,pre-owned,NULL,Stainless Steel,Stainless Steel,Rolex Explorer II,StoreInventory,2019-04-13,http://www.ebay.com/itm/rolex-explorer-ii-216570-white-dial-/113717356496
91,2019-04-22,5750.0,5700.0,pre-owned,Mechanical (Automatic),Stainless Steel,Stainless Steel,116900,StoreInventory,2019-04-12,http://www.ebay.com/itm/rolex-air-king-116900-stainless-steel-automatic-mens-watch-40mm-/113715889888
92,2019-04-22,11050.0,11000.0,pre-owned,Mechanical (Automatic),Stainless Steel,Steel,GMT Master,StoreInventory,2019-04-18,http://www.ebay.com/itm/rolex-gmt-master-pepsi-vintage-auto-steel-mens-riveted-bracelet-watch-date-1675-/163655324317
93,2019-04-22,7650.0,7580.0,pre-owned,Mechanical (Automatic),NULL,NULL,Rolex Submariner,StoreInventory,2019-04-05,http://www.ebay.com/itm/mint-rolex-submariner-14060a-stainless-steel-black-dial-full-set-mint-2000-/163635849824
94,2019-04-22,9600.0,9600.0,pre-owned,Quartz (Battery),Gold,Gold,Quartz,StoreInventory,2019-04-22,http://www.ebay.com/itm/7016-0-tudor-rolex-submariner-prince-1968-restore-runs-strong-cool-orig-dial-/333167139670
95,2019-04-22,7500.0,7500.0,pre-owned,Mechanical (Automatic),Stainless Steel,Stainless Steel,Rolex Submariner,StoreInventory,2019-04-05,http://www.ebay.com/itm/rolex-2006-submariner-box-papers-black-no-holes-oyster-16610-40mm-steel-/192881200489
96,2019-04-22,3500.0,3500.0,pre-owned,Mechanical (Automatic),Stainless Steel,Genuine Leather,Rolex Datejust,FixedPrice,2019-04-03,http://www.ebay.com/itm/mens-36mm-rolex-datejust-16234-jubilee-bracelet-18kt-wg-bezel-silver-dial-1991-/173861303960
97,2019-04-22,12050.0,12000.0,pre-owned,NULL,NULL,NULL,NULL,Auction,2019-04-19,http://www.ebay.com/itm/vintage-rolex-1675-gmt-master-1968-/123739989801
98,2019-04-22,4011.0,4000.0,pre-owned,Mechanical (Automatic),Stainless Steel,Stainless Steel,Rolex Daytona,FixedPrice,2019-04-22,http://www.ebay.com/itm/rolex-daytona-116520-wrist-watch-men-/192895819788
99,2019-04-22,8601.0,8601.0,pre-owned,NULL,NULL,Rose Gold,NULL,Auction,2019-04-19,http://www.ebay.com/itm/rolex-submariner-116610ln-/312578743615
100,2019-04-22,9900.0,9800.0,pre-owned,Mechanical (Automatic),Stainless Steel,Stainless Steel,Rolex Submariner,FixedPrice,2019-04-21,http://www.ebay.com/itm/2019-rolex-submariner-date-ceramic-stainless-steel-automatic-watch-116610ln-/273816160058
101,2019-04-22,5778.0,5778.0,pre-owned,Mechanical (Hand-winding),Rose Gold,NULL,Rolex Prince Brancard Doctors Watch,Auction,2019-04-15,http://www.ebay.com/itm/rolex-prince-brancard-doctors-watch-14k-yellow-gold-original-box-/273807759874
102,2019-04-22,5405.0,5375.0,new with tags,Mechanical (Automatic),Stainless Steel,Stainless Steel,Rolex Oyster Perpetual,StoreInventory,2019-04-09,http://www.ebay.com/itm/new-rolex-oyster-perpetual-39-mm-dark-rhodium-steel-mens-watch-ref-114300-2018-/163642126006
103,2019-04-22,5032.0,5000.0,new with tags,NULL,NULL,NULL,NULL,StoreInventory,2019-04-01,http://www.ebay.com/itm/rolex-lady-datejust-279174-2019-unworn-box-and-papers-/283437234909
104,2019-04-22,7869.0,7835.0,pre-owned,Mechanical (Automatic),14K Gold,14k Yellow Gold,Rolex Date,StoreInventory,2019-04-17,http://www.ebay.com/itm/rolex-15037-14k-gold-date-1987-near-mint-condition-/123738672986
105,2019-04-22,6450.0,6450.0,new with tags,NULL,NULL,NULL,NULL,Auction,2019-04-17,http://www.ebay.com/itm/rolex-datejust-116200-jubilee-bracelet-silver-floral-motif-dial-/173875713920
106,2019-04-22,8117.0,7999.0,pre-owned,NULL,NULL,NULL,NULL,Auction,2019-04-12,http://www.ebay.com/itm/rolex-burl-wood-dial-president-ref-18038-single-quick-set-day-date-watch-head-/254197357351
107,2019-04-22,6975.0,6975.0,pre-owned,Mechanical (Automatic),Stainless Steel,Two-Tone: Stainless Steel & 18k Yellow Gold,Rolex Submariner,FixedPrice,2019-04-13,http://www.ebay.com/itm/gentlemens-two-tone-blue-rolex-submariner-16613-wristwatch-/123734456100
108,2019-04-22,3200.0,3200.0,pre-owned,NULL,NULL,NULL,NULL,Auction,2019-04-22,http://www.ebay.com/itm/genuine-mens-rolex-oyster-perpetual-datejust-/173880445464
109,2019-04-22,7500.0,7500.0,pre-owned,Mechanical (Automatic),Stainless Steel,Stainless Steel,Rolex Datejust,FixedPrice,2019-04-22,http://www.ebay.com/itm/rolex-watch-datejust-/273816745066
110,2019-04-22,3750.0,3750.0,pre-owned,NULL,Stainless Steel,Polyurethane,Invicta Pro Diver,FixedPrice,2019-04-22,http://www.ebay.com/itm/rolex-submariner-116610-wrist-watch-men-/293059595183
111,2019-04-22,3850.0,3850.0,pre-owned,Mechanical (Hand-winding),Gold Plated,Leather,NULL,Auction,2019-04-12,http://www.ebay.com/itm/rolex-vintage-mens-wrist-watch-gold-mechanical-noble-design-mens-wristwatch-/143209540968
112,2019-04-22,7250.0,7250.0,pre-owned,Mechanical (Automatic),Stainless Steel,Stainless Steel,Rolex Sea-Dweller,StoreInventory,2019-02-15,http://www.ebay.com/itm/rolex-sea-dweller-16660-triple-6-vintage-1984-steel-pre-owned-near-mint-8-3-mill-/132954288843
113,2019-04-22,3725.0,3700.0,pre-owned,Mechanical (Hand-winding),Stainless Steel,Leather,Oysterdate Precision,Auction,2019-04-12,http://www.ebay.com/itm/rolex-6694-oman-model-vintage-hand-winding-watch-1966-running-good-cal-1225-/113715989520
114,2019-04-22,6410.0,6310.0,pre-owned,Mechanical (Automatic),Gold,Gold,Rolex President,Auction,2019-04-15,http://www.ebay.com/itm/rolex-ladies-president-18k-datejust-rolex-diamond-bezel-dial-1999-mfg-/183774987428
115,2019-04-22,6129.0,6080.0,pre-owned,NULL,NULL,NULL,NULL,Auction,2019-04-15,http://www.ebay.com/itm/rolex-mens-18k-yellow-gold-day-date-president-18038-diamond-dial-bezel-watch-/143213787017
116,2019-04-22,11999.0,11999.0,new with tags,NULL,NULL,NULL,Rolex Submariner Date,StoreInventory,2019-04-15,http://www.ebay.com/itm/brand-new-rolex-ceramic-submariner-116610ln-box-papers-100-authentic-/133023027439
117,2019-04-22,7105.0,7105.0,pre-owned,NULL,NULL,NULL,NULL,Auction,2019-04-12,http://www.ebay.com/itm/rolex-submariner-5513-40mm-stainless-steel-mens-watch-1965-serial-vintage-/273803199779
118,2019-04-22,10700.0,10700.0,pre-owned,Mechanical (Automatic),Yellow Gold / Steel,Yellow Gold / Steel,Rolex Submariner,Auction,2019-04-12,http://www.ebay.com/itm/rolex-submariner-116613-40mm-stainless-steel-yellow-gold-ceramic-watch-/273803199774
119,2019-04-22,3004.0,3000.0,pre-owned,Mechanical (Automatic),Stainless Steel,Two-Tone: Stainless Steel & 18k Yellow Gold,Rolex Datejust,StoreInventory,2019-03-22,http://www.ebay.com/itm/mens-stainless-steel-18k-gold-rolex-datejust-36-watch-white-roman-face-16233-/123703033649
120,2019-04-22,6500.0,6500.0,pre-owned,Mechanical (Automatic),Stainless Steel,Stainless Steel,Rolex Datejust,FixedPrice,2019-04-20,http://www.ebay.com/itm/rolex-datejust-18k-gold-stainless-steel-jubilee-bracelet-watch-/223489063239
121,2019-04-22,2845.0,2800.0,pre-owned,Mechanical (Automatic),Steel,NULL,Rolex Oyster Perpetual,StoreInventory,2018-08-25,http://www.ebay.com/itm/just-beautiful-1971-rolex-oyster-perpetual-date-gents-vintage-watch-/183398119150
122,2019-04-22,3064.0,3050.0,pre-owned,NULL,NULL,NULL,NULL,Auction,2019-04-15,http://www.ebay.com/itm/rolex-datejust-two-tone-oyster-16013-36mm-mens-watch-jubilee-tapestry-dial-5162-/233196165099
123,2019-04-22,8514.0,8500.0,pre-owned,Mechanical (Automatic),Stainless Steel,Gold,GMT Mast II,FixedPrice,2019-04-10,http://www.ebay.com/itm/rolex-16753-gmt-master-18k-gold-steel-root-beer-/254195013700
124,2019-04-22,5100.0,5100.0,pre-owned,Mechanical (Automatic),"Stainless Steel, Platinum",Stainless Steel,Rolex Yacht-Master,FixedPrice,2019-04-21,http://www.ebay.com/itm/rolex-yacht-master-16622-stainless-steel-platinum-automatic-mens-watch-/153459253365
125,2019-04-21,5523.0,5500.0,pre-owned,Mechanical (Automatic),Stainless Steel,Stainless Steel,Rolex Submariner,StoreInventory,2019-02-26,http://www.ebay.com/itm/rolex-submariner-mens-14060-stainless-steel-black-dial-automatic-watch-/312504830474
126,2019-04-21,3500.0,3500.0,pre-owned,NULL,NULL,NULL,Breitling Chronomat Evolution,Auction,2019-04-18,http://www.ebay.com/itm/womens-2005-rolex-yachtmaster-wristwatch-18k-ss-white-dial-/183779998489
127,2019-04-21,7000.0,7000.0,pre-owned,NULL,NULL,NULL,NULL,Auction,2019-04-21,http://www.ebay.com/itm/rolex-datejust-116234g-wrist-watch-men-/233205272462
128,2019-04-21,8654.0,8550.0,pre-owned,Mechanical (Automatic),Stainless Steel,Stainless Steel,Rolex Datejust,FixedPrice,2019-03-25,http://www.ebay.com/itm/rolex-18k-day-date18238-1993-excellent-condition-tight-presidential-band-/401736617371
129,2019-04-21,4850.0,4850.0,pre-owned,NULL,Stainless Steel,NULL,NULL,FixedPrice,2019-04-08,http://www.ebay.com/itm/rolex-explorer-ii-16570-white-polar-gmt-box-and-papers-s-series-1994-/283444573070
130,2019-04-21,7325.0,7250.0,new with tags,Automatic,Stainless Steel,Stainless Steel,Rolex Datejust,StoreInventory,2019-01-26,http://www.ebay.com/itm/rolex-datejust-116234g-wrist-watch-2019-/123613167310
131,2019-04-21,3595.0,3595.0,pre-owned,Mechanical (Automatic),Stainless Steel,Stainless Steel,Rolex Datejust,StoreInventory,2019-02-20,http://www.ebay.com/itm/rolex-mens-18k-gold-ss-datejust-1625-turn-o-graph-automatic-c-1968-lv369-/264206466324
132,2019-04-21,7251.0,7191.0,pre-owned,NULL,NULL,NULL,SUBMARINER,Auction,2019-04-14,http://www.ebay.com/itm/tudor-rolex-submariner-9411-0-snowflake-1979-/264283550601
133,2019-04-21,3800.0,3800.0,new with tags,Mechanical (Automatic),Stainless Steel,Stainless Steel,Rolex Datejust,Auction,2019-04-14,http://www.ebay.com/itm/mens-new-dominos-2018-rolex-md-116000-stainless-box-w-tags-collectable-item-/143215256240
134,2019-04-21,6528.0,6478.0,pre-owned,Mechanical (Automatic),Stainless Steel,Stainless Steel,Rolex Submariner,StoreInventory,2019-04-12,http://www.ebay.com/itm/rolex-submariner-date-16610-u-series-1997-tight-band-very-nice-sub-/163646696829
135,2019-04-21,10570.0,10500.0,pre-owned,Mechanical (Automatic),Stainless Steel,Stainless Steel,Rolex GMT-Master II,StoreInventory,2019-04-21,http://www.ebay.com/itm/unpolished-2016-rolex-116710ln-gmt-master-ii-ceramic-bezel-watch-full-set-/183782926220
136,2019-04-21,6800.0,6800.0,pre-owned,Mechanical (Automatic),Stainless Steel,Stainless Steel,Rolex Submariner,StoreInventory,2019-04-18,http://www.ebay.com/itm/rolex-mens-steel-submariner-black-dial-bezel-16610-box-books-/183779704505
137,2019-04-21,10995.0,10995.0,pre-owned,Mechanical (Automatic),Stainless Steel,Stainless Steel,Rolex Submariner,StoreInventory,2019-04-16,http://www.ebay.com/itm/rolex-submariner-116613-blue-ceramic-18k-yellow-gold-stainless-steel-/273809199569
138,2019-04-21,10100.0,10100.0,pre-owned,Mechanical (Automatic),Stainless Steel,Stainless Steel,Rolex Submariner,Auction,2019-04-14,http://www.ebay.com/itm/vintage-men-s-rolex-submariner-1680-nice-patina-runs-perfect-1978-aged-dial-rare-/323777799712
139,2019-04-21,5566.0,5550.0,pre-owned,Mechanical (Automatic),Stainless Steel,NULL,Rolex Submariner,StoreInventory,2019-03-06,http://www.ebay.com/itm/rolex-oyster-perpetual-submariner-14060m-4-line-engraved-rehaut-2008-/153405600939
140,2019-04-21,3620.0,3600.0,pre-owned,Mechanical (Automatic),Gold,Leather,Datejust,FixedPrice,2019-04-21,http://www.ebay.com/itm/rolex-cellini-mechanical-18k-yellow-gold-watch-strap-39mm-/143223802989
141,2019-04-21,4000.0,4000.0,pre-owned,NULL,NULL,NULL,NULL,FixedPrice,2019-04-21,http://www.ebay.com/itm/rolex-submariner-116610-wrist-watch-men-/233204920899
142,2019-04-21,7805.0,7750.0,pre-owned,Mechanical (Automatic),Stainless Steel,Stainless Steel,Rolex Submariner,StoreInventory,2019-03-19,http://www.ebay.com/itm/mens-rolex-submariner-16610t-stainless-steel-black-dial-bezel-insert-2008-/264246369770
143,2019-04-21,3894.0,3894.0,pre-owned,Mechanical (Automatic),"Stainless Steel, Gold","Stainless Steel, Gold",Rolex Datejust,FixedPrice,2019-04-20,http://www.ebay.com/itm/rolex-datejust-31mm-midsize-two-tone-stainless-gold-68273-black-stick-watch-/273814952285
144,2019-04-21,3125.0,3080.0,pre-owned,Mechanical (Automatic),Stainless Steel,Stainless Steel,Rolex Oyster Perpetual,StoreInventory,2019-04-07,http://www.ebay.com/itm/stunning-1969-rolex-oyster-perpetual-date-rolex-bracelet-vintage-watch-/173865483310
145,2019-04-21,6016.0,6000.0,pre-owned,Mechanical (Automatic),Stainless Steel,Stainless Steel,Rolex Explorer II,StoreInventory,2019-04-02,http://www.ebay.com/itm/rolex-oyster-perpetual-explorer-ii-216570-black-dial-rolex-warranty-2018-/192878120024
146,2019-04-21,6550.0,6550.0,pre-owned,NULL,NULL,NULL,16713,FixedPrice,2019-03-25,http://www.ebay.com/itm/rare-rolex-gmt-master-ii-16713-root-beer-mens-watch-/264253702111
147,2019-04-21,3400.0,3400.0,pre-owned,Mechanical (Hand-winding),Stainless Steel,"Crocodile Skin, Leather",Rolex Oysterdate,StoreInventory,2019-02-20,http://www.ebay.com/itm/rolex-swiss-mens-oysterdate-precision-6694-hand-wind-c-1974-all-original-lv373-/264206466192
148,2019-04-21,3370.0,3350.0,pre-owned,Mechanical (Automatic),Stainless Steel,Genuine Leather,Rolex 3458,Auction,2019-04-18,http://www.ebay.com/itm/rolex-3458-lady-swiss-made-manual-vintage-1963-stainless-steel-dress-watch-mc306-/264288340173
149,2019-04-21,5000.0,5000.0,pre-owned,Mechanical (Automatic),NULL,NULL,Rolex Datejust 116300,FixedPrice,2019-04-21,http://www.ebay.com/itm/rolex-oyster-perpetual-datejust-ii-41mm-stainless-steel-silver-stick-dial-116300-/333165473637
150,2019-04-21,4000.0,4000.0,pre-owned,Mechanical (Automatic),Stainless Steel,Stainless Steel,Rolex DateJust,StoreInventory,2019-04-09,http://www.ebay.com/itm/rolex-datejust-178240-stainless-steel-automatic-watch-31mm-box-paperwork-/401746410905
151,2019-04-21,5000.0,5000.0,pre-owned,NULL,NULL,NULL,NULL,FixedPrice,2019-04-21,http://www.ebay.com/itm/rolex-submariner-116618lb-wrist-watch-men-/233204509881
152,2019-04-21,6800.0,6800.0,pre-owned,Mechanical (Automatic),Solid Gold,Solid Gold,Rolex President,Auction,2019-04-11,http://www.ebay.com/itm/estate-rolex-ladies-masterpiece-president-18k-gold-datejust-diamond-bezel-/303123241504
153,2019-04-21,3400.0,3400.0,seller refurbished,Mechanical (Hand-winding),Solid Gold,Yellow Gold,Rolex Cellini,StoreInventory,2019-04-17,http://www.ebay.com/itm/unisex-vintage-rolex-cellini-18k-yellow-gold-w-gold-dial-/273810753854
154,2019-04-21,5326.0,5311.0,pre-owned,NULL,NULL,NULL,NULL,Auction,2019-04-16,http://www.ebay.com/itm/rolex-oyster-perpetual-air-king-stainless-steel-/133023631957
155,2019-04-21,6450.0,6450.0,new with tags,NULL,NULL,NULL,NULL,Auction,2019-04-16,http://www.ebay.com/itm/rolex-datejust-116200-steel-36-mm-oyster-bulls-eye-black-silver-dial-/173874393085
156,2019-04-21,3887.0,3887.0,pre-owned,Swiss Automatic,Stainless Steel,Stainless Steel,Date Just 1601,StoreInventory,2019-04-12,http://www.ebay.com/itm/rolex-mens-datejust-steel-oyster-diamond-sapphire-bezel-dial-pearl-watch-/254197951596
157,2019-04-20,11699.0,11699.0,pre-owned,Automatic Self Wind,Stainless Steel,Stainless and Solid Gold,NULL,FixedPrice,2019-04-20,http://www.ebay.com/itm/rolex-submariner-116613ln-2016-date-steel-18k-yellow-gold-mens-watch-/173879335047
158,2019-04-20,5700.0,5700.0,pre-owned,Mechanical (Automatic),14K Yellow GOld,Alligator,15037 ROlex 14K Oyster Perpetual Date,FixedPrice,2018-01-13,http://www.ebay.com/itm/rolex-oyster-perpetual-date-14k-yellow-gold-15037-34mm-circa-1980-watch-/282808471893
159,2019-04-20,7500.0,7500.0,pre-owned,Mechanical (Automatic),Stainless Steel,Stainless Steel,Rolex Submariner,StoreInventory,2019-02-10,http://www.ebay.com/itm/rolex-submariner-no-date-114060-black-dial-ceramic-steel-w-b-p-2015-mens-watch-/113630488586
160,2019-04-20,7250.0,7250.0,pre-owned,Automatic,"Gold, Stainless Steel","Gold, Stainless Steel",Rolex Submariner,StoreInventory,2019-04-04,http://www.ebay.com/itm/mens-rolex-datejust-36mm-two-tone-diamond-watch-app-9-5-carats-si1-vs2-diamonds-/163634170942
161,2019-04-20,5000.0,5000.0,pre-owned,Mechanical (Automatic),Stainless Steel,NULL,Rolex Datejust II 116300,FixedPrice,2019-04-20,http://www.ebay.com/itm/rolex-oyster-perpetual-datejust-ii-41mm-stainless-steel-silver-stick-dial-116300-/233204364521
162,2019-04-20,4432.0,4400.0,pre-owned,Mechanical (Automatic),NULL,"Yellow Gold, Stainless Steel",Datejust,FixedPrice,2019-04-07,http://www.ebay.com/itm/rolex-datejust-36mm-16233-bi-metal-/123726685990
163,2019-04-20,3337.0,3333.0,pre-owned,Mechanical (Automatic) 26J Cal. 1570,All stainless Steel,S/S bracelet,1500 Oyster Perpetual Chronometer,Auction,2019-04-15,http://www.ebay.com/itm/vintage-rolex-oyster-perpetual-chronometer-mens-wristwatch-non-working-/273808213987
164,2019-04-20,7800.0,7800.0,new with tags,Mechanical (Automatic),Stainless Steel,Stainless Steel,DateJust,StoreInventory,2019-04-08,http://www.ebay.com/itm/rolex-datejust-36mm-black-dial-steel-rose-gold-watch-116231-jubilee-band-/273798749799
165,2019-04-20,3520.0,3500.0,pre-owned,Mechanical (Automatic),Stainless Steel,Stainless Steel,Rolex Datejust,StoreInventory,2019-03-26,http://www.ebay.com/itm/vintage-rolex-cellini-18k-solid-gold-manual-wind-cal-1601-watch-unisex-/312544160806
166,2019-04-20,9600.0,9600.0,pre-owned,NULL,NULL,NULL,NULL,Auction,2019-04-10,http://www.ebay.com/itm/7016-0-tudor-rolex-submariner-prince-1968-restore-runs-strong-cool-orig-dial-/333151891297
167,2019-04-20,6000.0,6000.0,pre-owned,NULL,NULL,NULL,NULL,Auction,2019-04-13,http://www.ebay.com/itm/vintage-mens-rolex-18k-stainless-oyster-perpetual-datejust-jubilee-116233-/202653080756
168,2019-04-20,8375.0,8300.0,pre-owned,Mechanical (Automatic),18K Solid Gold,18K Solid Gold,NULL,FixedPrice,2019-04-06,http://www.ebay.com/itm/rolex-18k-yellow-gold-president-quartz-36mm-day-date-/133015126634
169,2019-04-20,7010.0,7010.0,pre-owned,NULL,NULL,NULL,NULL,Auction,2019-04-13,http://www.ebay.com/itm/rolex-explorer-ii-216570-oyster-automatic-white-dial-/333155991622
170,2019-04-20,9150.0,9150.0,pre-owned,Mechanical (Automatic),Stainless Steel,Stainless Steel,Rolex Deepsea,Auction,2019-04-13,http://www.ebay.com/itm/rolex-deepsea-sea-dweller-116660-automatic-mens-44mm-stainless-watch-/333155938584
171,2019-04-20,9500.0,9500.0,seller refurbished,NULL,NULL,Stainless Steel,NULL,FixedPrice,2019-03-02,http://www.ebay.com/itm/rolex-stainless-steel-gmt-master-ii-pepsi-40mm-16710-box-warranty-minty-/283401246572
172,2019-04-20,5775.0,5750.0,new with tags,Automatic,Stainless Steel,Stainless Steel,Rolex Datejust,StoreInventory,2019-04-13,http://www.ebay.com/itm/new-rolex-oyster-perpetual-date-34-mm-silver-dial-watch-115234-2018-unworn-7450-/163648577113
173,2019-04-20,7379.0,7250.0,new with tags,Mechanical (Automatic),Stainless Steel,NULL,Datejust 41,StoreInventory,2019-03-26,http://www.ebay.com/itm/rolex-datejust-41mm-126334-black-baton-dial-box-paperwork-2018-unworn-/163617215739
174,2019-04-20,9200.0,9200.0,pre-owned,Mechanical (Automatic),Stainless Steel,Stainless Steel,Rolex Datejust,StoreInventory,2018-08-30,http://www.ebay.com/itm/2018-rolex-datejust-41mm-126334-black-index-jubilee-w-warranty-card-/302864408106
175,2019-04-20,3080.0,3050.0,pre-owned,Mechanical (Automatic),Stainless Steel,Stainless Steel,Rolex Submariner,Auction,2019-04-13,http://www.ebay.com/itm/tudor-submariner-75090-serviced-rolex-crown-caseback-/264281824340
176,2019-04-20,5685.0,5650.0,pre-owned,NULL,Solid Gold,Solid Gold,Rolex President,StoreInventory,2019-03-05,http://www.ebay.com/itm/rolex-president-datejust-26mm-18k-yellow-gold-ladies-watch-79178-/113675012024
177,2019-04-20,5556.0,5556.0,pre-owned,Mechanical (Automatic),NULL,NULL,Rolex Milgauss,FixedPrice,2019-04-20,http://www.ebay.com/itm/rolex-milgauss-green-sapphire-crystal-116400gv-one-owner-/163658098298
178,2019-04-20,10000.0,10000.0,pre-owned,Mechanical (Automatic),Stainless Steel with 18k White Gold Bezel,Stainless Steel,Datejust II,StoreInventory,2018-10-31,http://www.ebay.com/itm/a8-rolex-mens-41mm-chocolate-face-datejust-18k-everose-gold-stainless-steel-box-/312288651301
179,2019-04-20,8400.0,8400.0,pre-owned,Mechanical: Automatic,Stainless Steel,Stainless Steel,Rolex Sea-Dweller Deepsea,StoreInventory,2019-04-06,http://www.ebay.com/itm/rolex-sea-dweller-deepsea-116660-stainless-steel-black-ceramic-watch-44mm-/401744635103
180,2019-04-20,5293.0,5293.0,pre-owned,Mechanical (Automatic),Stainless Steel,Stainless Steel,Rolex Explorer II,FixedPrice,2019-04-09,http://www.ebay.com/itm/swiss-only-dial-rolex-explorer-ii-16570-stainless-steel-white-polar-date-gmt-/273800137329
181,2019-04-20,11000.0,11000.0,pre-owned,NULL,NULL,NULL,NULL,Auction,2019-04-20,http://www.ebay.com/itm/rolex-daytona-18k-yellow-gold-watch-40mm-black-dial-116528-unworn-/372655791672
182,2019-04-20,5750.0,5750.0,pre-owned,Mechanical (Automatic),Stainless Steel,"Rolex Stainless Steel Oyster, Stainless Steel",Rolex Submariner,StoreInventory,2019-01-04,http://www.ebay.com/itm/rolex-submariner-14060-stainless-steel-black-dial-automatic-watch-40mm-/392207705231
183,2019-04-20,5160.0,5140.0,pre-owned,Mechanical (Automatic),Stainless Steel,Stainless Steel,Rolex Explorer,StoreInventory,2019-04-15,http://www.ebay.com/itm/rolex-14270-explorer-black-dial-stainless-steel-swiss-automatic-watch-/352642688253
184,2019-04-20,11495.0,11495.0,pre-owned,NULL,Gold,Yellow Gold,NULL,StoreInventory,2019-04-06,http://www.ebay.com/itm/rolex-president-18038-18k-yellow-gold-champagne-dial-mint-bracelet-box-papers-/273796338505
185,2019-04-20,4550.0,4500.0,pre-owned,NULL,NULL,NULL,NULL,Auction,2019-04-17,http://www.ebay.com/itm/rolex-explorer-ii-16570-automatic-1996-t-series-patina-white-polar-date-steel-/223485038027
186,2019-04-20,5250.0,5200.0,pre-owned,Mechanical (Automatic),Stainless Steel,Oyster Steel,Rolex Oyster Perpetual 39,FixedPrice,2019-04-20,http://www.ebay.com/itm/rolex-oyster-perpetual-114300-39mm-rare-and-newly-released-white-dial-mint-/392280489513
187,2019-04-20,5250.0,5200.0,new with tags,Mechanical (Automatic),Stainless Steel,Stainless Steel,Rolex Air-King,FixedPrice,2019-04-20,http://www.ebay.com/itm/rolex-watch-mens-air-king-116900-stainless-steel-black-dial-40mm-oyster-band-/143221965589
188,2019-04-20,6000.0,6000.0,pre-owned,Mechanical (Automatic),Stainless Steel,Two-Tone: Stainless Steel & 10k Yellow Gold,Rolex Datejust,Auction,2019-04-13,http://www.ebay.com/itm/men-s-14k-yellow-gold-rolex-date-ref-15037-1986-minty-/293045960397
189,2019-04-20,3028.0,3000.0,pre-owned,NULL,NULL,NULL,NULL,Auction,2019-04-13,http://www.ebay.com/itm/rolex-datejust-turn-o-graph-steel-silver-automatic-ref-16264-vintage-gold-dial-/254198234984
190,2019-04-20,3265.0,3265.0,pre-owned,Mechanical (Automatic),"Solid Gold, Gold, Stainless Steel","Solid Gold, Stainless Steel",Rolex Datejust,FixedPrice,2019-04-20,http://www.ebay.com/itm/rolex-16233-oyster-perpetual-datejust-jubilee-band-18k-gold-ss-diamond-bezel-/223488635500
191,2019-04-20,3808.0,3733.0,pre-owned,Mechanical: Automatic,NULL,Stainless & Solid Gold,Datejust,Auction,2019-04-10,http://www.ebay.com/itm/genuine-ladies-rolex-steel-gold-datejust-rubies-diamonds-serviced-6917-/273800073374
192,2019-04-20,4992.0,4992.0,pre-owned,Swiss Automatic,Stainless Steel,Stainless Steel,Datejust,FixedPrice,2019-04-13,http://www.ebay.com/itm/mint-rolex-datejust-36mm-16200-diamond-bezel-mop-dial-oyster-watch-16220-/303125573556
193,2019-04-20,11879.0,11879.0,pre-owned,Mechanical (Automatic),Solid Gold,Solid Gold,Rolex President,FixedPrice,2019-04-20,http://www.ebay.com/itm/mint-rolex-president-day-date-18038-complete-box-papers-near-flawless-/202657929267
194,2019-04-19,3550.0,3550.0,pre-owned,Mechanical (Automatic),Stainless Steel,Stainless Steel,Rolex Datejust,Auction,2019-04-09,http://www.ebay.com/itm/no-reserve-unpolished-rolex-datejust-16220-complete-box-papers-/202650150749
195,2019-04-19,9675.0,9675.0,pre-owned,NULL,NULL,Nylon,NULL,StoreInventory,2019-03-27,http://www.ebay.com/itm/rolex-gmt-master-ii-stainless-steel-black-dial-116710ln-/273780791329
196,2019-04-19,3725.0,3695.0,pre-owned,Mechanical (Automatic),Stainless Steel,Stainless Steel,Rolex Air-King,FixedPrice,2019-01-23,http://www.ebay.com/itm/rolex-oyster-perpetual-air-king-precision-blue-arabic-dial-ss-watch-w-papers-/264160252742
197,2019-04-19,3510.0,3500.0,pre-owned,Mechanical (Automatic),Stainless Steel,Stainless Steel,Rolex Datejust,FixedPrice,2019-04-19,http://www.ebay.com/itm/men-s-rolex-datejust-1601-/133027762750
198,2019-04-19,5900.0,5900.0,pre-owned,Mechanical (Automatic),Stainless Steel,Stainless Steel,Rolex Explorer II,FixedPrice,2019-04-19,http://www.ebay.com/itm/authentic-stainless-steel-rolex-explorer-ii-/223488501818
199,2019-04-19,6200.0,6200.0,pre-owned,Mechanical: Automatic,Solid Gold,Yellow Gold,Rolex President,StoreInventory,2018-12-20,http://www.ebay.com/itm/rolex-datejust-26mm-president-18k-yellow-gold-diamond-bezel-band-tiger-eye-dia-/273618770599
200,2019-04-19,3510.0,3500.0,pre-owned,Mechanical (Automatic),Stainless Steel,Stainless Steel,Rolex Datejust,FixedPrice,2019-04-19,http://www.ebay.com/itm/men-s-rolex-datejust-1601-/133027762750
201,2019-04-19,5900.0,5900.0,pre-owned,Mechanical (Automatic),Stainless Steel,Stainless Steel,Rolex Explorer II,FixedPrice,2019-04-19,http://www.ebay.com/itm/authentic-stainless-steel-rolex-explorer-ii-/223488501818
202,2019-04-19,6200.0,6200.0,pre-owned,Mechanical (Automatic),Solid Gold,Yellow Gold,Rolex President,StoreInventory,2018-12-20,http://www.ebay.com/itm/rolex-datejust-26mm-president-18k-yellow-gold-diamond-bezel-band-tiger-eye-dia-/273618770599
203,2019-04-19,3101.0,3101.0,pre-owned,Mechanical (Automatic),Stainless Steel,Stainless Steel,Rolex Datejust,Auction,2019-04-12,http://www.ebay.com/itm/rolex-gents-stainless-steel-datejust-watch-36mm-ref-16030-blue-dial-/113716719864
204,2019-04-19,3350.0,3350.0,pre-owned,Mechanical (Automatic),Stainless Steel,Genuine Leather,Rolex Datejust,StoreInventory,2019-04-11,http://www.ebay.com/itm/rolex-datejust-steel-white-gold-silver-dial-vintage-mens-watch-1601-/333153288763
205,2019-04-19,5550.0,5500.0,pre-owned,NULL,NULL,NULL,NULL,Auction,2019-04-12,http://www.ebay.com/itm/rolex-president-day-date-19018-18k-yellow-gold-white-roman-dial-oyster-quartz-/143212800908
206,2019-04-19,5250.0,5200.0,pre-owned,Mechanical (Automatic),Stainless Steel,Oyster Steel,Rolex Oyster Perpetual 39,FixedPrice,2019-04-18,http://www.ebay.com/itm/rolex-oyster-perpetual-114300-39mm-rare-and-newly-released-white-dial-mint-/303130056157
207,2019-04-19,3500.0,3500.0,pre-owned,NULL,NULL,NULL,NULL,Auction,2019-04-12,http://www.ebay.com/itm/rolex-president-ladies-size-18k-yellow-gold-vintage-oyster-perpetual-datejust-/173871466950
208,2019-04-19,3500.0,3500.0,pre-owned,Mechanical (Automatic),Stainless Steel,Two-Tone: Stainless Steel & 14k Yellow Gold,Rolex Datejust,StoreInventory,2019-04-19,http://www.ebay.com/itm/ladies-rolex-datejust-2-tone-14k-yellow-gold-stainless-steel-watch-white-mop-/163657185980
209,2019-04-19,7600.0,7600.0,pre-owned,Mechanical (Automatic),"Stainless Steel, Platinum",Stainless Steel,Rolex Yacht-Master,StoreInventory,2018-10-11,http://www.ebay.com/itm/mint-rolex-yacht-master-16622-steel-platinum-rolesium-date-watch-box-papers-/273504270008
210,2019-04-19,3350.0,3350.0,pre-owned,Mechanical (Automatic),Stainless Steel,Two-Tone: Stainless Steel & 14k Yellow Gold,Rolex Datejust,StoreInventory,2019-04-19,http://www.ebay.com/itm/rolex-datejust-lady-31mm-gold-steel-champagne-dial-78273-jubilee-/382910272959
211,2019-04-19,3400.0,3400.0,pre-owned,Mechanical (Automatic),Stainless Steel,Stainless Steel,Rolex Air-King,StoreInventory,2019-01-04,http://www.ebay.com/itm/rolex-air-king-precision-stainless-steel-blue-dial-14010m-/273638772517
212,2019-04-19,4000.0,4000.0,pre-owned,Mechanical (Automatic),Stainless Steel,Genuine Leather,NULL,FixedPrice,2019-04-13,http://www.ebay.com/itm/rolex-datejust-auto-36mm-steel-mens-oyster-bracelet-watch-116200-/293047572723
213,2019-04-19,3114.0,3095.0,pre-owned,Mechanical (Automatic),"Solid Gold, Stainless Steel",Stainless Steel,Rolex Datejust,FixedPrice,2019-02-12,http://www.ebay.com/itm/vintage-gold-rolex-oyster-perpetual-datejust-chronometer-watch-36mm-/192823072710
214,2019-04-19,5700.0,5700.0,pre-owned,Mechanical (Automatic),Stainless Steel,Stainless Steel,Rolex Explorer,FixedPrice,2019-04-16,http://www.ebay.com/itm/rolex-explorer-214270-black-index-3-6-9-dial-2018-model-blue-lume-full-set-/133024675316
215,2019-04-19,3500.0,3500.0,pre-owned,Mechanical (Automatic),Stainless Steel,Stainless Steel,Rolex Datejust,FixedPrice,2019-01-31,http://www.ebay.com/itm/rolex-datejust-36mm-16014-white-roman-silver-stainless-steel-jubilee-watch-/292941928880
216,2019-04-19,3605.0,3600.0,new with tags,NULL,NULL,NULL,NULL,StoreInventory,2019-03-19,http://www.ebay.com/itm/rolex-oyster-perpetual-mens-watch-never-worn-pre-owned-box-w-coa-/254170165223
217,2019-04-19,3548.0,3548.0,pre-owned,Mechanical (Automatic),"18K Yellow Gold, 18K Gold, Yellow Gold, Gold, Stainless Steel","Stainless Steel, Yellow Gold",Rolex Datejust,StoreInventory,2018-02-27,http://www.ebay.com/itm/womens-rolex-datejust-26mm-mother-pearl-diamond-numerals-18k-ss-/112840524552
218,2019-04-19,7129.0,7129.0,pre-owned,NULL,Stainless Steel,Stainless Steel,Rolex Submariner,Auction,2019-04-12,http://www.ebay.com/itm/rolex-submariner-16613-40mm-stainless-steel-18k-gold-/323775674770
219,2019-04-19,5000.0,5000.0,pre-owned,Mechanical (Automatic),Stainless Steel,Two-Tone: Stainless Steel & 18k Yellow Gold,Rolex Datejust,StoreInventory,2019-04-19,http://www.ebay.com/itm/rolex-mens-datejust-18k-ss-black-diamond-jubilee-quickset-16233-/192893788105
220,2019-04-19,5250.0,5250.0,pre-owned,Mechanical: Automatic,Stainless Steel,Two-Tone: Stainless Steel & 18k Yellow Gold,Rolex Datejust,StoreInventory,2019-04-19,http://www.ebay.com/itm/rolex-mens-datejust-18k-ss-black-diamond-jubilee-quickset-16233-w-papers-/183780723956
221,2019-04-19,10000.0,10000.0,new with tags,Automatic,18kt Everose Gold,NULL,50515BKSBKL,FixedPrice,2019-04-13,http://www.ebay.com/itm/rolex-cellini-men-s-watch-rose-gold-new-/173871700943
222,2019-04-19,3200.0,3200.0,pre-owned,Mechanical (Automatic),Stainless Steel,Stainless Steel,Rolex Datejust,StoreInventory,2018-10-08,http://www.ebay.com/itm/rolex-datejust-stainless-steel-men-watch-w-silver-dial-/323489768081
223,2019-04-19,8500.0,8500.0,pre-owned,NULL,Stainless Steel,NULL,NULL,FixedPrice,2019-04-19,http://www.ebay.com/itm/rolex-gmt-master-16710-wrist-watch-men-coke-red-and-black-/133027562000
224,2019-04-19,9025.0,9000.0,pre-owned,Mechanical: Automatic,Stainless Steel,Stainless Steel,GMT-Master II 116710,FixedPrice,2019-04-19,http://www.ebay.com/itm/2007-rolex-gmt-master-ii-stainless-black-ceramic-116710-n-ln-40mm-date-watch-/372655654314
225,2019-04-19,5000.0,5000.0,new without tags,Mechanical (Automatic),Stainless Steel,"Rolex Stainless Steel Oyster, Stainless Steel",Rolex Submariner,FixedPrice,2019-04-17,http://www.ebay.com/itm/new-rolex-blue-face-mens-submariner-stainless-steel-40mm-custom-dial-wristwatch-/153454708715
226,2019-04-19,3270.0,3250.0,pre-owned,NULL,NULL,NULL,NULL,StoreInventory,2019-04-17,http://www.ebay.com/itm/rolex-1503-oyster-perpetual-date-14k-solid-yellow-gold-/133025720373
227,2019-04-19,7499.0,7499.0,pre-owned,Mechanical (Automatic),Stainless Steel,NULL,NULL,FixedPrice,2019-04-19,http://www.ebay.com/itm/rolex-gmt-master-16710-wrist-watch-men-coke-red-and-black-/133027532219
228,2019-04-19,4000.0,4000.0,pre-owned,NULL,Gold,Gold,President,FixedPrice,2019-04-19,http://www.ebay.com/itm/rolex-ref-6517-ladies-president-18k-diamond-dial-bezel-lugs-bracelet-/153456823574
229,2019-04-19,3250.0,3250.0,pre-owned,Mechanical (Automatic),Stainless Steel,Two-Tone: Stainless Steel & 18k Yellow Gold,NULL,StoreInventory,2019-04-18,http://www.ebay.com/itm/rolex-mens-datejust-16013-steel-18k-gold-c-1987-fluted-bezel-36mm-watch-8-/392279610270
230,2019-04-19,7943.0,7943.0,pre-owned,Mechanical (Automatic),Stainless Steel,Stainless Steel,Submariner,FixedPrice,2019-04-15,http://www.ebay.com/itm/rolex-submariner-auto-40mm-steel-mens-oyster-bracelet-watch-date-116610ln-/293050365283
231,2019-04-19,3093.0,3093.0,pre-owned,Mechanical (Automatic),Stainless Steel,Stainless Steel,OYSTER PERPETUAL,FixedPrice,2018-11-09,http://www.ebay.com/itm/2008-ladies-rolex-oyster-perpetual-pink-salmon-index-31mm-oyster-177200-watch-/273552425492
232,2019-04-19,9800.0,9800.0,pre-owned,Mechanical (Automatic),Stainless Steel,Stainless Steel,Datejust,FixedPrice,2019-04-05,http://www.ebay.com/itm/rolex-datejust-41-auto-steel-yellow-gold-mens-jubilee-bracelet-watch-126333-/283442313577
233,2019-04-19,5300.0,5300.0,pre-owned,Mechanical (Automatic),Stainless Steel,Stainless Steel,Rolex Datejust,StoreInventory,2017-11-27,http://www.ebay.com/itm/2016-rolex-datejust-lady-31-pink-dial-stainless-jubilee-automatic-watch-w-box-/312012247631
234,2019-04-19,4925.0,4900.0,new with tags,Quartz (Solar Powered),"Stainless Steel, PVD Coated","Genuine Leather, Faux Leather, Fabric/Canvas",Citizen Eco-Drive,FixedPrice,2019-04-05,http://www.ebay.com/itm/rolex-datejust-116200-stainless-mens-blue-roman-dial-2019-nwt-and-box-/133014287987
235,2019-04-19,4700.0,4700.0,pre-owned,Mechanical (Automatic),Stainless Steel,Stainless Steel,Rolex Explorer,FixedPrice,2019-04-12,http://www.ebay.com/itm/rolex-explorer-ii-16570-oyster-automatic-wristwatch-men-white-face-dial-/143212545315
236,2019-04-19,11500.0,11500.0,pre-owned,Mechanical: Automatic,NULL,NULL,Mens Datejust II 41mm,FixedPrice,2019-04-19,http://www.ebay.com/itm/rolex-datejust-ll-41mm-116333-two-tone-stainless-steel-gold-oyster-/273812686868
237,2019-04-19,5995.0,5995.0,new with tags,Automatic,Stainless Steel,NULL,116000PUSO,FixedPrice,2016-07-13,http://www.ebay.com/itm/rolex-mens-unused-datejust-116200-steel-watch-pink-index-dial-smooth-bezel-/311656132887
238,2019-04-19,4050.0,4050.0,new with tags,Mechanical (Automatic),Stainless Steel,Stainless Steel,Rolex Deepsea,Auction,2019-04-19,http://www.ebay.com/itm/rolex-deepsea-sea-dweller-116660-stainless-steel-automatic-mens-watch-/273812786095
239,2019-04-19,4100.0,4000.0,pre-owned,Mechanical (Automatic),Solid Gold,Solid Gold,Rolex President,FixedPrice,2019-04-10,http://www.ebay.com/itm/rolex-ladies-oyster-perpetual-datejust-18k-gold-watch-box-69178-/202650297425
240,2019-04-19,3240.0,3225.0,pre-owned,NULL,NULL,NULL,NULL,FixedPrice,2018-10-30,http://www.ebay.com/itm/vintage-rolex-16013-datejust-two-tone-box-papers-certificate-auth-/113340407541
241,2019-04-19,7216.0,7188.0,pre-owned,Mechanical (Automatic),Gold,Leather,Rolex Oyster Perpetual,Auction,2019-04-12,http://www.ebay.com/itm/rolex-19018n-18k-oysterquartz-day-date-mens-watch-w-box-recently-overhauled-/392275025606
242,2019-04-19,7101.0,7101.0,pre-owned,Mechanical (Automatic),Stainless Steel,Stainless Steel,Rolex Submariner,Auction,2019-04-09,http://www.ebay.com/itm/rolex-submariner-date-16610-2005-boxes-and-papers-no-reserve-/202649240186
243,2019-04-19,10415.0,10400.0,pre-owned,Mechanical (Automatic),Stainless Steel,Stainless Steel,Rolex Submariner,Auction,2019-04-12,http://www.ebay.com/itm/rolex-submariner-5513-meters-first-stunning-original-dial-must-see-1967-beauty-/254197099241
244,2019-04-19,8600.0,8600.0,pre-owned,Mechanical (Automatic),NULL,Genuine Leather,Rolex President,StoreInventory,2019-04-19,http://www.ebay.com/itm/mens-rolex-president-18k-yellow-gold-day-date-18038-/163656000145
245,2019-04-18,4650.0,4650.0,pre-owned,NULL,NULL,NULL,NULL,Auction,2019-04-13,http://www.ebay.com/itm/rolex-oyster-perpetual-milgauss-116400-black-men-s-wristwatch-2008-/113717800245
246,2019-04-18,7665.0,7650.0,pre-owned,NULL,NULL,NULL,NULL,Auction,2019-04-14,http://www.ebay.com/itm/1994-mens-rolex-40mm-twotone-18k-yellow-gold-stainless-submariner-watch-16613-/264282521180
247,2019-04-18,4599.0,4599.0,pre-owned,Automatic,Stainless Steel,NULL,Explorer II,FixedPrice,2019-04-18,http://www.ebay.com/itm/rolex-explorer-ii-16570-men-watch-box-papers-/223487306901
248,2019-04-18,6798.0,6700.0,pre-owned,NULL,NULL,NULL,NULL,Auction,2019-04-11,http://www.ebay.com/itm/rolex-submariner-date-stainless-steel-watch-black-dial-mens-16610-k-one-owner-/333153380650
249,2019-04-18,4200.0,4150.0,new with tags,Automatic,Stainless Steel,Stainless Steel,NULL,Auction,2019-04-12,http://www.ebay.com/itm/rolex-datejust-lady-279160-28mm-roman-box-papers-unworn-/382896908101
250,2019-04-18,3295.0,3295.0,pre-owned,NULL,NULL,NULL,NULL,Auction,2019-04-11,http://www.ebay.com/itm/mens-vintage-rolex-oyster-perpetual-datejust-stainless-steel-gold-diamond-watch-/173870467265
251,2019-04-18,4400.0,4350.0,pre-owned,Mechanical (Automatic),Stainless Steel,Two-Tone: Stainless Steel & 18k Yellow Gold,NULL,FixedPrice,2019-04-18,http://www.ebay.com/itm/rolex-datejust-16234-/293054904741
252,2019-04-18,7500.0,7500.0,pre-owned,Automatic.,NULL,Stainless Steel,16710 Gmt-Master II with a Date.,FixedPrice,2019-04-18,http://www.ebay.com/itm/rolex-gmt-master-ii-16710-perfect-condition-original-box-and-documentation-/264289259783
253,2019-04-18,7090.0,7090.0,pre-owned,Mechanical (Automatic),Stainless Steel,Two-Tone: Stainless Steel & 18k Yellow Gold,Rolex Submariner,Auction,2019-04-15,http://www.ebay.com/itm/rolex-submariner-date-blue-stainless-and-18k-yellow-gold-model-16613-/153452936036
254,2019-04-18,3039.0,3000.0,pre-owned,Mechanical (Automatic),Stainless Steel,Two-Tone: Stainless Steel & 10k Yellow Gold,Rolex Datejust,StoreInventory,2018-12-21,http://www.ebay.com/itm/rolex-datejust-69173-added-diamond-dial-18k-gold-steel-26mm-watch-1991-/173702024275
255,2019-04-18,5393.0,5393.0,pre-owned,Mechanical (Automatic),Stainless Steel,Stainless Steel,Rolex Explorer II,FixedPrice,2019-03-30,http://www.ebay.com/itm/2001-mens-rolex-explorer-ii-16570-stainless-polar-white-date-gmt-40mm-watch-sel-/264261731693
256,2019-04-18,6500.0,6500.0,pre-owned,Mechanical (Automatic),Stainless Steel,Steel,GMT Master,Auction,2019-04-19,http://www.ebay.com/itm/rolex-5513-meters-first-all-original-runs-and-keeps-time-/173877105190
257,2019-04-18,6794.0,6794.0,pre-owned,Mechanical (Automatic),Stainless Steel,Stainless Steel,Rolex Submariner,FixedPrice,2019-03-16,http://www.ebay.com/itm/2003-unpolished-rolex-submariner-date-stainless-lume-40mm-black-sel-16610-watch-/153418289921
258,2019-04-18,3383.0,3383.0,pre-owned,Mechanical (Automatic),Gold,Leather,Rolex Oyster Perpetual,Auction,2019-04-13,http://www.ebay.com/itm/rolex-mens-steel-18k-diamond-oyster-perpetual-16233-datejust-36mm-watch-7-/233194290276
259,2019-04-18,11200.0,11100.0,pre-owned,Mechanical: Automatic,Stainless Steel,Stainless Steel,GMT Master 1675,Auction,2019-04-11,http://www.ebay.com/itm/1970s-rolex-gmt-master-1675-mark-2-5-lemrich-dial-stainless-steel-pilot-watch-/202651329558
260,2019-04-18,3925.0,3850.0,pre-owned,NULL,NULL,Stainless Steel,NULL,FixedPrice,2019-03-05,http://www.ebay.com/itm/rolex-datejust-36mm-used-z47079-/312515571382
261,2019-04-18,9943.0,9943.0,pre-owned,Mechanical (Automatic),Stainless Steel,Stainless Steel,Rolex GMT Master II,FixedPrice,2018-11-16,http://www.ebay.com/itm/mint-2005-no-holes-rolex-gmt-master-ii-stainless-black-red-16710-40mm-watch-/264044163174
262,2019-04-18,4625.0,4600.0,pre-owned,NULL,NULL,NULL,NULL,Auction,2019-04-11,http://www.ebay.com/itm/used-rolex-watches-men-/183770535335
263,2019-04-18,3374.0,3374.0,pre-owned,Mechanical (Automatic),Stainless Steel,Stainless Steel,Rolex Datejust,FixedPrice,2019-04-10,http://www.ebay.com/itm/mint-rolex-datejust-16014-36mm-18k-gold-stainless-steel-silver-tuxedo-jubilee-/264277937354
264,2019-04-18,6385.0,6385.0,pre-owned,Mechanical (Automatic),Stainless Steel,NULL,Submariner,StoreInventory,2019-04-10,http://www.ebay.com/itm/men-s-stainless-rolex-submariner-no-date-ref-14060m-serial-box-manuals-/264278054974
265,2019-04-18,10000.0,10000.0,pre-owned,Automatic Self Wind,Stainless Steel,Stainless Steel,NULL,FixedPrice,2019-02-25,http://www.ebay.com/itm/rolex-sea-dweller-black-black-steel-automatic-watch-16600-serviced-feb-19-/223420610093
266,2019-04-18,5500.0,5500.0,pre-owned,Automatic,NULL,Stainless Steel and 18K Yellow Gold,NULL,Auction,2019-04-18,http://www.ebay.com/itm/rolex-submariner-automatic-mens-watch-16613-two-tone-18k-gold-blue-steel-/153455513170
267,2019-04-18,6250.0,6250.0,pre-owned,Mechanical (Automatic),Stainless Steel,Stainless Steel,Submariner,FixedPrice,2018-10-21,http://www.ebay.com/itm/rolex-submariner-16800-stainless-steel-black-dial-1984-40mm-watch-/332849197438
268,2019-04-18,5199.0,5199.0,seller refurbished,Mechanical (Automatic),Stainless Steel,Genuine Leather,Rolex Datejust,FixedPrice,2018-11-25,http://www.ebay.com/itm/rolex-oyster-date-6694-mickey-mouse-wrist-watch-men-used-very-rare-authentic-f-s-/143027911733
269,2019-04-18,4514.0,4495.0,pre-owned,Automatic,Stainless Steel,Silver,Rolex Oyster Perpetual,StoreInventory,2018-09-28,http://www.ebay.com/itm/rolex-oyster-perpetual-datejust-wristwatch-18kwg-bezel-black-dial-ss-12k-value-/192673205598
270,2019-04-18,7000.0,7000.0,pre-owned,NULL,NULL,NULL,NULL,FixedPrice,2019-04-17,http://www.ebay.com/itm/rolex-sea-dweller-triple-six-16660-men-watch-/362623777408
271,2019-04-18,5193.0,5193.0,pre-owned,NULL,NULL,Stainless Steel,NULL,FixedPrice,2019-03-28,http://www.ebay.com/itm/mint-2001-rolex-explorer-ii-16570-sel-stainless-black-date-gmt-40mm-date-watch-/273782163655
272,2019-04-18,3149.0,3138.0,pre-owned,Mechanical (Automatic),Stainless Steel,Stainless Steel,Rolex Oyster Perpetual,Auction,2019-04-11,http://www.ebay.com/itm/1950s-18k-rolex-oyster-perpetual-precision-watch-6085-bubble-back-parts-/372649842737
273,2019-04-18,5500.0,5500.0,pre-owned,Automatic,"Solid Gold, Rose Gold",Rose Gold,Rolex Lady-Datejust,StoreInventory,2019-04-09,http://www.ebay.com/itm/rolex-genuine-18k-yellow-gold-president-bracelet-18238-fits-all-36mm-day-date-/264276595638
274,2019-04-18,10270.0,10250.0,pre-owned,NULL,Stainless Steel,Stainless Steel,GMT Master II,FixedPrice,2019-04-18,http://www.ebay.com/itm/vintage-1971-rolex-gmt-master-1675-pepsi-dial-good-condition-recently-serviced-/254203329211
275,2019-04-18,9770.0,9770.0,pre-owned,Automatic,NULL,NULL,Rolex Submariner,FixedPrice,2019-02-17,http://www.ebay.com/itm/rare-rolex-submariner-date-16610-steel-u-serial-40mm-w-tags-box-papers-/113649174371
276,2019-04-18,6293.0,6293.0,pre-owned,Mechanical (Automatic),Stainless Steel,Stainless Steel,Rolex Submariner,FixedPrice,2019-03-16,http://www.ebay.com/itm/2002-rolex-submariner-no-date-k-serial-14060-m-stainless-black-dive-40mm-watch-/273764464685
277,2019-04-18,3114.0,3100.0,pre-owned,Mechanical (Automatic),Stainless Steel,Stainless Steel,Rolex Datejust,Auction,2019-04-08,http://www.ebay.com/itm/rolex-oyster-perpetual-datejust-chronometer-34mm-mens-16234-wrist-watch-5105-/333145659124
278,2019-04-17,9150.0,9150.0,pre-owned,NULL,Stainless Steel,NULL,Rolex GMT-Master II,FixedPrice,2018-12-13,http://www.ebay.com/itm/unpolished-2007-rolex-gmt-master-ii-16710-z-coke-rectangular-dial-40mm-watch-/292864993852
279,2019-04-17,5750.0,5750.0,new with tags,Mechanical (Automatic),Stainless Steel,Genuine Leather,Rolex Datejust,FixedPrice,2019-04-11,http://www.ebay.com/itm/rolex-datejust-116200-black-dial-wrist-watch-men-brand-new-box-never-worn-/293044752290
280,2019-04-17,4750.0,4750.0,pre-owned,Mechanical (Automatic),Stainless Steel,Stainless Steel,Rolex Explorer,FixedPrice,2019-04-17,http://www.ebay.com/itm/rolex-explorer-ii-16570-polar-white-just-serviced-overnight-shipping-/254202761247
281,2019-04-17,8455.0,8444.0,pre-owned,NULL,NULL,NULL,NULL,Auction,2019-04-10,http://www.ebay.com/itm/mens-vintage-rolex-submariner-steel-automatic-watch-5513-/123731081183
282,2019-04-17,8603.0,8586.0,pre-owned,NULL,NULL,NULL,NULL,Auction,2019-04-10,http://www.ebay.com/itm/mens-rolex-president-18k-yellow-gold-day-date-18038-/163643856213
283,2019-04-17,6400.0,6400.0,pre-owned,NULL,NULL,NULL,NULL,Auction,2019-04-12,http://www.ebay.com/itm/16800-rolex-submariner-stainless-steel-quickset-vintage-watch-black-black-/401748651815
284,2019-04-17,3635.0,3600.0,pre-owned,NULL,NULL,NULL,Rolex Datejust,Auction,2019-04-17,http://www.ebay.com/itm/rolex-date-just-18k-two-tone-16233-/254202362241
285,2019-04-17,9500.0,9500.0,pre-owned,Swiss Automatic,Solid Gold,18K Gold,President - 1803,Auction,2019-04-17,http://www.ebay.com/itm/18k-mens-rolex-president-day-date-/223486211587
286,2019-04-17,6490.0,6490.0,pre-owned,NULL,NULL,NULL,NULL,FixedPrice,2019-03-21,http://www.ebay.com/itm/rolex-mens-ladies-new-datejust-watch-36mm-silver-floral-flower-dial-steel-/372633260904
287,2019-04-17,8500.0,8500.0,pre-owned,Mechanical (Automatic),Solid Gold,Solid Gold,Rolex President,FixedPrice,2019-03-19,http://www.ebay.com/itm/mens-18k-rolex-presidential-1803-/153421597299
288,2019-04-17,8730.0,8700.0,pre-owned,NULL,Stainless Steel,Stainless Steel,Rolex GMT-Master,Auction,2019-04-10,http://www.ebay.com/itm/vintage-rolex-gmt-master-wristwatch-ref-1675-1966-mk1-matte-pepsi-bezel-nr-/202650829252
289,2019-04-17,7000.0,7000.0,pre-owned,Mechanical (Automatic),"Stainless Steel, Gold","Stainless Steel, Gold",Rolex Submariner,StoreInventory,2019-04-17,http://www.ebay.com/itm/rolex-submariner-16803-blue-serti-diamond-sapphire-two-tone-gold-watch-16613-/382906944550
290,2019-04-17,5499.0,5499.0,pre-owned,Mechanical (Automatic),Stainless Steel & 18K Gold,Stainless Steel & 18K Gold,Date,StoreInventory,2019-03-13,http://www.ebay.com/itm/rolex-explorer-ii-16520-ss-automatic-mens-watch-w-date-u-serial-/233166191368
291,2019-04-17,7900.0,7900.0,pre-owned,Mechanical (Automatic),Stainless Steel,"Stainless Steel, Yellow Gold",Rolex Datejust,FixedPrice,2019-04-17,http://www.ebay.com/itm/rolex-datejust-36mm-stainleess-steel-18k-yellow-gold-black-roman-dial-116233-/113721420110
292,2019-04-17,10999.0,10999.0,pre-owned,NULL,NULL,NULL,Rolex Day-Date,StoreInventory,2019-03-28,http://www.ebay.com/itm/mens-rolex-day-date-president-gold-diamonds-/283432846777
293,2019-04-17,6650.0,6500.0,pre-owned,Automatic,Stainless Steel,Stainless Steel,Rolex Datejust,FixedPrice,2019-04-16,http://www.ebay.com/itm/2013-stainless-steel-18k-yellow-gold-rolex-datejust-116203-box-and-papers-/303128269706
294,2019-04-17,5500.0,5500.0,pre-owned,Mechanical (Automatic),Solid Gold,Solid Gold,Rolex President,StoreInventory,2019-04-14,http://www.ebay.com/itm/rolex-day-date-president-18038-mens-wrist-watch-18k-single-quickset-box-booklet-/223482699632
295,2019-04-17,5300.0,5300.0,pre-owned,Automatic,Gold,904L stainless Steel,Datejust,Auction,2019-04-10,http://www.ebay.com/itm/rolex-datejust-smooth-bezel-black-dial-and-stainless-steel-band-/273801617728
296,2019-04-17,7500.0,7500.0,pre-owned,Automatic,Stainless Steel,"18K Yellow Gold, Stainless Steel",Rolex GMT-Master,StoreInventory,2018-02-22,http://www.ebay.com/itm/vintage-rolex-gmt-master-16753-18k-yg-steel-black-bezel-black-nipple-dial-w-box-/273081104001
297,2019-04-17,8300.0,8300.0,pre-owned,NULL,NULL,NULL,NULL,Auction,2019-04-10,http://www.ebay.com/itm/rolex-president-day-date-18038-solid-18k-gold-rare-bark-finish-/273801596667
298,2019-04-17,8353.0,8308.0,pre-owned,NULL,NULL,NULL,Rolex Oysterquartz,StoreInventory,2019-03-31,http://www.ebay.com/itm/rolex-18k-gold-19018-quickset-oysterquartz-president-cream-roman-dial-5055-/323760343016
299,2019-04-17,4050.0,4050.0,pre-owned,Mechanical (Automatic),Stainless Steel,Two-Tone: Stainless Steel & 18k Yellow Gold,NULL,Auction,2019-04-10,http://www.ebay.com/itm/rolex-mens-datejust-two-tone-fluted-custom-blue-diamond-dial-beautiful-/223477926679
300,2019-04-17,8895.0,8895.0,new with tags,Mechanical (Automatic),"Stainless Steel, Gold",Stainless Steel,Rolex Datejust 41,StoreInventory,2018-09-13,http://www.ebay.com/itm/rolex-datejust-41mm-126334-silver-index-dial-2018-model-unused-papers-/183431880993
301,2019-04-17,6300.0,6250.0,pre-owned,Mechanical (Automatic),Solid Gold,Solid Gold,Rolex President,Auction,2019-04-10,http://www.ebay.com/itm/rolex-ladies-presidential-datejust-18k-solid-gold-quick-set-/173869054569
302,2019-04-17,4310.0,4300.0,pre-owned,Mechanical (Automatic),Solid Gold,Solid Gold,Rolex President,StoreInventory,2019-04-12,http://www.ebay.com/itm/lovely-18k-yellow-gold-ladies-rolex-6917-diamonds-fits-7-wrist-x77-/153449278293
303,2019-04-17,8550.0,8500.0,pre-owned,Mechanical (Automatic),Stainless Steel,"18K Yellow Gold, Stainless Steel, Yellow Gold",Rolex GMT-Master II,StoreInventory,2019-02-01,http://www.ebay.com/itm/rolex-gmt-master-ii-16713-18k-yellow-gold-stainless-steel-black-dial-box-paper-/153360993970
304,2019-04-17,5900.0,5900.0,pre-owned,Mechanical (Automatic),Stainless Steel,Stainless Steel,Rolex Submariner,FixedPrice,2019-04-13,http://www.ebay.com/itm/rolex-submariner-14060-no-date-stainless-steel-rare-original-complete-set-/183773188226
305,2019-04-17,5350.0,5350.0,pre-owned,Mechanical (Automatic),Stainless Steel,Stainless Steel,Rolex Explorer II,StoreInventory,2019-03-30,http://www.ebay.com/itm/2000s-mens-rolex-stainless-steel-explorer-ii-watch-40mm-sel-oyster-black-16570-/113702664695
306,2019-04-17,3500.0,3500.0,pre-owned,NULL,NULL,NULL,NULL,Auction,2019-04-10,http://www.ebay.com/itm/rolex-mens-stainless-steel-18k-gold-/233194149534
307,2019-04-17,6000.0,6000.0,pre-owned,Mechanical (Automatic),Stainless Steel,Stainless Steel,Rolex Submariner,StoreInventory,2019-04-17,http://www.ebay.com/itm/1991-40mm-rolex-submariner-16610-stainless-steel-automatic-mens-watch-/153454675845
308,2019-04-17,11635.0,11600.0,pre-owned,NULL,NULL,Stainless Steel,NULL,FixedPrice,2019-04-16,http://www.ebay.com/itm/2015-rolex-yachtmaster-116622-platinum-bezel-/254201534298
309,2019-04-17,7495.0,7495.0,new with tags,Automatic,Stainless Steel,Stainless Steel,Rolex Datejust,StoreInventory,2019-04-04,http://www.ebay.com/itm/brand-new-rolex-datejust-116234-stainless-18k-gold-blue-dial-box-papers-2018-/273793324646
310,2019-04-17,7000.0,7000.0,pre-owned,Mechanical (Automatic),Stainless Steel,Stainless Steel,Rolex Explorer II,FixedPrice,2019-04-16,http://www.ebay.com/itm/rolex-explorer-ii-216570-box-papers-full-bracelet-flawless-1yr-warranty-/233199987262
311,2019-04-17,4045.0,4045.0,pre-owned,NULL,NULL,NULL,NULL,Auction,2019-04-10,http://www.ebay.com/itm/rolex-36mm-datejust-w-factory-diamond-dial-and-diamond-bezel-/173868448877
312,2019-04-17,3000.0,3000.0,pre-owned,Mechanical (Automatic),"18K Yellow Gold, 18K Gold, Yellow Gold, Gold, Stainless Steel","Stainless Steel, Yellow Gold",Rolex Datejust,Auction,2019-04-17,http://www.ebay.com/itm/womens-2007-rolex-datejust-26mm-ss-mother-pearl-roman-numeral-dial-/283454513157
313,2019-04-17,3149.0,3149.0,pre-owned,NULL,NULL,NULL,Rolex Oyster Perpetual,Auction,2019-04-10,http://www.ebay.com/itm/1951-rolex-oyster-perpetual-datejust-1601-watch-original-owner-w-papers-london-/113713524151
314,2019-04-17,3895.0,3870.0,pre-owned,Mechanical (Automatic),Solid Gold,Solid Gold,Rolex President,Auction,2019-04-10,http://www.ebay.com/itm/rolex-datejust-wristwatch-ladies-18k-gold-diamond-ruby-bezel-2008-must-see-/264276730177
315,2019-04-17,6058.0,6050.0,pre-owned,NULL,NULL,NULL,NULL,Auction,2019-04-10,http://www.ebay.com/itm/rolex-explorer-ii-wristwatch-16570-cal-3185-stainless-papers-2-year-warranty-/264276727233
316,2019-04-17,7126.0,7101.0,pre-owned,Mechanical (Automatic),Stainless Steel,Stainless Steel,Rolex Submariner,Auction,2019-04-10,http://www.ebay.com/itm/rolex-submariner-watch-ref-16800-cal-3035-all-original-dial-box-papers-2-yw-/254194958796
317,2019-04-17,11016.0,10988.0,pre-owned,Mechanical (Automatic),Stainless Steel,Stainless Steel,Rolex Submariner,Auction,2019-04-10,http://www.ebay.com/itm/rolex-submariner-5513-watch-stainless-steel-1967-meters-first-papers-must-see-/254194955563
318,2019-04-17,11827.0,11800.0,pre-owned,Mechanical (Automatic),Solid Gold,Solid Gold,Rolex President,Auction,2019-04-10,http://www.ebay.com/itm/rolex-president-day-date-18338-double-quick-set-diamond-lugs-original-mop-dial-/264276718888
319,2019-04-17,10300.0,10300.0,new with tags,NULL,NULL,NULL,NULL,Auction,2019-04-10,http://www.ebay.com/itm/rolex-sea-dweller-deepsea-116660-mens-stainless-steel-oyster-ceramic-bezel-44mm-/192885583234
320,2019-04-17,4999.0,4999.0,pre-owned,Mechanical (Automatic),Stainless Steel,"18k Yellow Gold, Stainless Steel",Rolex Datejust,FixedPrice,2019-04-17,http://www.ebay.com/itm/rolex-mens-datejust-two-tone-36mm-mother-pearl-diamond-dial-fluted-bezel-/123737931921
321,2019-04-16,6015.0,5995.0,pre-owned,Mechanical (Automatic),Stainless Steel,Stainless Steel,Rolex Oysterdate,FixedPrice,2019-04-16,http://www.ebay.com/itm/mens-rolex-oyster-date-just-white-face-roman-digits-pristine-condition-/323780293476
322,2019-04-16,4950.0,4950.0,pre-owned,Mechanical (Automatic),Stainless Steel,Stainless Steel,DateJust,FixedPrice,2019-04-15,http://www.ebay.com/itm/mens-rolex-diamond-datejust-1-9-ct-diamond-bezel-and-roman-bleu-dial-exquisite-/143215833621
323,2019-04-16,6250.0,6100.0,pre-owned,Mechanical (Automatic),NULL,"18K Yellow Gold, Stainless Steel",Rolex Datejust,FixedPrice,2019-04-14,http://www.ebay.com/itm/2013-stainless-steel-18k-yellow-gold-rolex-datejust-116203-box-and-papers-/303126111614
324,2019-04-16,9400.0,9400.0,pre-owned,Mechanical (Automatic),Solid Gold,Solid Gold,NULL,FixedPrice,2019-04-15,http://www.ebay.com/itm/rolex-womens-18k-gold-president-datejust-factory-diamond-dial-and-bracelet-/113719464499
325,2019-04-16,7371.0,7321.0,pre-owned,NULL,NULL,"Yellow Gold, Stainless Steel",NULL,StoreInventory,2019-03-30,http://www.ebay.com/itm/rolex-18k-ss-submariner-blue-dial-model-16613-unpolished-complete-set-1995-/143193943275
326,2019-04-16,7999.0,7999.0,pre-owned,Mechanical (Automatic),Stainless Steel,Two-Tone: Stainless Steel & 18k Yellow Gold,Rolex Submariner,FixedPrice,2019-04-04,http://www.ebay.com/itm/papers-mint-rolex-submariner-16613-two-tone-steel-18k-gold-blue-dial-dive-watch-/283441305355
327,2019-04-16,5300.0,5300.0,pre-owned,NULL,NULL,NULL,69178,StoreInventory,2019-04-09,http://www.ebay.com/itm/rolex-datejust-69178-ladies-presidential-diamond-green-dial-18k-gold-watch-6-1-2-/352638727895
328,2019-04-16,2372.0,2353.0,pre-owned,NULL,18kt Yellow Gold,NULL,Rolex President,Auction,2019-04-06,http://www.ebay.com/itm/vintage-18k-gold-rolex-oyster-perpetual-automatic-6564-watch-34mm-/192882847128
329,2019-04-16,4555.0,4555.0,pre-owned,Mechanical (Automatic),Stainless Steel,Stainless Steel,Rolex Datejust,Auction,2019-04-09,http://www.ebay.com/itm/rolex-oyster-perpetual-39-114300-black-smooth-steel-39mm-/192885684410
330,2019-04-16,2881.0,2851.0,pre-owned,Mechanical (Automatic),18kt Yellow Gold,NULL,Rolex President,Auction,2019-04-09,http://www.ebay.com/itm/solid-gold-rolex-ladies-watch-18ct-rolex-oyster-perpetual-datejust-watch-c1979-/254194636204
331,2019-04-16,5192.0,5192.0,pre-owned,Mechanical (Automatic),Stainless Steel,Stainless Steel,NULL,FixedPrice,2019-04-02,http://www.ebay.com/itm/mint-papers-rolex-explorer-black-36mm-114270-y-serial-steel-black-arabic-watch-/303115250952
332,2019-04-16,6800.0,6750.0,pre-owned,Mechanical (Automatic),Stainless Steel,Stainless Steel,Milgaus,FixedPrice,2019-04-16,http://www.ebay.com/itm/rolex-milgauss-116400gv-z-blue-/264286297618
333,2019-04-16,4899.0,4899.0,pre-owned,Mechanical (Automatic),Stainless Steel,Stainless Steel,Rolex Datejust,FixedPrice,2018-03-22,http://www.ebay.com/itm/rolex-mens-datejust-watch-s-steel-18k-white-gold-green-diamond-emerald-dial-/253512648954
334,2019-04-16,4750.0,4750.0,pre-owned,Mechanical (Automatic),Solid Gold,Solid Gold,Rolex President,Auction,2019-04-11,http://www.ebay.com/itm/rolex-mens-18k-president-1803-day-date-watch-w-generic-strap-c-1969-/392274971392
335,2019-04-16,6750.0,6750.0,pre-owned,NULL,NULL,NULL,NULL,Auction,2019-04-16,http://www.ebay.com/itm/rolex-milgauss-116400gv-z-blue-/254201931078
336,2019-04-16,3900.0,3900.0,pre-owned,Mechanical (Automatic),NULL,Yellow Gold,Rolex Datejust,Auction,2019-04-11,http://www.ebay.com/itm/rolex-16233-mens-datejust-watch-18k-yellow-gold-ss-champagne-dial-jubilee-455b-/323774488800
337,2019-04-16,5010.0,5000.0,pre-owned,Quartz (Battery),Gold,White Gold,Rolex Cellini,FixedPrice,2018-12-06,http://www.ebay.com/itm/rolex-ref-6623-cellini-18k-yellow-gold-quartz-mesh-bracelet-wristwatch-36-mm-/254014968872
338,2019-04-16,3820.0,3800.0,pre-owned,Mechanical (Automatic),Stainless Steel,Two-Tone: Stainless Steel & 18k Yellow Gold,Rolex Datejust,StoreInventory,2019-02-21,http://www.ebay.com/itm/rolex-datejust-36mm-ref-16234-/153389575194
339,2019-04-16,3494.0,3494.0,pre-owned,NULL,NULL,NULL,Rolex Datejust,FixedPrice,2019-04-15,http://www.ebay.com/itm/rolex-turnograph-vintage-1968-thunderbird-1625-datejust-14kt-ss-watch-serviced-/192890512819
340,2019-04-16,3826.0,3800.0,pre-owned,NULL,NULL,NULL,Rolex Oyster Perpetual,Auction,2019-04-11,http://www.ebay.com/itm/rolex-oyster-perpetual-39mm-114300-rhodium-dial-watch-box-papers-/264279099973
341,2019-04-16,7992.0,7992.0,pre-owned,Automatic,"Solid Gold, Rose Gold",Rose Gold,Rolex Lady-Datejust,FixedPrice,2019-04-15,http://www.ebay.com/itm/mint-rolex-datejust-36mm-16018-18k-yellow-gold-mop-diamond-president-watch-/303127083351
342,2019-04-16,4225.0,4195.0,pre-owned,Mechanical (Automatic),NULL,NULL,NULL,FixedPrice,2017-06-23,http://www.ebay.com/itm/ladies-rolex-teal-blue-diamond-dial-2-5-carat-bezel-67193-18k-gold-steel-26mm-/132237348978
343,2019-04-16,9200.0,9200.0,pre-owned,Mechanical (Automatic),Solid Gold,Solid Gold,Rolex President,FixedPrice,2019-03-06,http://www.ebay.com/itm/rolex-18k-yellow-gold-36mm-day-date-president-1803-box-vintage-warranty-papers-/233156670951
344,2019-04-16,7500.0,7500.0,pre-owned,NULL,Stainless Steel,NULL,Rolex Submariner,Auction,2019-04-17,http://www.ebay.com/itm/rolex-submariner-40mm-/392278083947
345,2019-04-16,9500.0,9500.0,pre-owned,Automatic Self Wind,"Platinum, Stainless Steel",Platinum,Rolex Yacht-Master,FixedPrice,2019-04-15,http://www.ebay.com/itm/rolex-steel-platinum-yacht-master-37mm-dark-rhodium-blue-dial-/254200945654
346,2019-04-16,4100.0,4100.0,pre-owned,Mechanical (Hand-winding),Stainless Steel,GOLD/STAINLESS,OYSTER PREPETUAL DATE,FixedPrice,2019-04-01,http://www.ebay.com/itm/rolex-datejust-oyster-perpetual-chronometer-1601-4-1-automatic-watch-excellent-/283438012358
347,2019-04-16,3500.0,3500.0,pre-owned,Mechanical (Automatic),Stainless Steel,"Gold, Steel",Datejust,FixedPrice,2019-03-28,http://www.ebay.com/itm/rolex-turn-o-graph-thunderbird-two-tone-1625-/382868841591
348,2019-04-16,12000.0,12000.0,pre-owned,NULL,White Gold,White Gold,Rolex Day-Date,FixedPrice,2018-08-14,http://www.ebay.com/itm/rolex-day-date-white-gold-oyster-bracelet-number-118239-/132744308407
349,2019-04-16,5800.0,5800.0,pre-owned,Mechanical (Automatic),Stainless Steel,Stainless Steel,Rolex Datejust,FixedPrice,2019-04-16,http://www.ebay.com/itm/rolex-datejust-mens-stainless-steel-18k-white-gold-black-watch-jubilee-1601-/153453278240
350,2019-04-16,4624.0,4495.0,pre-owned,NULL,NULL,Stainless Steel,NULL,StoreInventory,2019-03-18,http://www.ebay.com/itm/rolex-datejust-116200-36mm-black-baton-dial-box-and-papers-serviced-rolex-/163603358175
351,2019-04-16,9000.0,9000.0,pre-owned,Automatic Self Wind,Stainless Steel,NULL,Rolex GMT-Master II,FixedPrice,2019-03-30,http://www.ebay.com/itm/rolex-gmt-master-ii-mkii-fat-lady-coke-stainless-steel-watch-16760-40mm-w5930-/233182738522
352,2019-04-16,4700.0,4700.0,pre-owned,Manually Wound,Stainless Steel,Genuine Teju lizard,NULL,StoreInventory,2019-04-03,http://www.ebay.com/itm/rolex-oyster-extra-prima-chronometer-cushion-watch-circ-1926-20-world-records-/133011586854
353,2019-04-16,8065.0,8000.0,pre-owned,Mechanical (Automatic),Stainless Steel,NULL,Submariner Professional Watch,StoreInventory,2019-04-14,http://www.ebay.com/itm/very-rare-vintage-1987-rolex-16800-submariner-cream-tritium-watch-box-paper-/173872625177
354,2019-04-16,5850.0,5850.0,pre-owned,Mechanical (Automatic),Stainless Steel,Stainless Steel,Rolex Explorer II,StoreInventory,2018-11-13,http://www.ebay.com/itm/rolex-explorer-ii-40mm-16570-stainless-steel-black-dial-w-box-papers-tags-/264038646482
355,2019-04-16,9477.0,9477.0,pre-owned,NULL,Stainless Steel,NULL,NULL,Auction,2019-04-09,http://www.ebay.com/itm/rolex-gmt-master-16710-wrist-watch-men-/293041375210
356,2019-04-16,7514.0,7500.0,pre-owned,Automatic,NULL,NULL,NULL,StoreInventory,2019-04-15,http://www.ebay.com/itm/1975-rolex-oyster-perpetual-datejust-1607-18kt-gold-diamonds-red-sunburst-/254201093341
357,2019-04-16,7699.0,7650.0,pre-owned,NULL,NULL,NULL,NULL,Auction,2019-04-09,http://www.ebay.com/itm/rolex-submariner-no-date-ceramic-114060-box-and-papers-official-insurance-doc-/333149813752
358,2019-04-16,4350.0,4300.0,pre-owned,NULL,NULL,NULL,Rolex Datejust,StoreInventory,2019-04-03,http://www.ebay.com/itm/gents-1990-rolex-16233-oyster-datejust-18k-ss-36mm-jubilee-8-wrist-fit-watch-/323764947201
359,2019-04-16,3054.0,3054.0,pre-owned,Mechanical (Automatic),"18K White Gold Bezel, Stainless Steel",Stainless/18K Gold,Yachtmaster 169623,Auction,2019-04-09,http://www.ebay.com/itm/2007-rolex-air-king-114234-white-gold-fluted-bezel-35mm-unisex-cal-3130-/273798883409
360,2019-04-16,11063.0,11000.0,pre-owned,Mechanical (Automatic),Stainless Steel,Stainless Steel,Rolex Submariner,FixedPrice,2018-12-30,http://www.ebay.com/itm/rolex-116520-cosmograph-daytona-ss-white-dial-random-serial-rare-mens-watch-/372551718400
361,2019-04-16,4889.0,4889.0,pre-owned,Automatic Self Wind,Steel And 18k Gold,NULL,Datejust,FixedPrice,2019-04-15,http://www.ebay.com/itm/rolex-datejust-16263-turn-o-graph-36mm-thunderbird-two-tone-gold-jubilee-watch-/273808318163
362,2019-04-16,4735.0,4700.0,pre-owned,Mechanical (Automatic),Stainless Steel,Stainless Steel,Rolex Yacht-Master,Auction,2019-04-09,http://www.ebay.com/itm/rolex-yachtmaster-platinum-bezel-and-dial-/192885079129
363,2019-04-16,11055.0,11000.0,pre-owned,Mechanical: Automatic,Stainless Steel,Stainless Steel,116710BLNR,Auction,2019-04-06,http://www.ebay.com/itm/rolex-gmt-master-6542-bakelite-bezel-running-great-mint-no-reserve-/173863961102
364,2019-04-16,3800.0,3800.0,pre-owned,Mechanical (Automatic),Stainless Steel,Genuine Leather,Rolex Datejust,FixedPrice,2019-03-27,http://www.ebay.com/itm/rolex-16233-datejust-18k-yellow-gold-stainless-steel-w-black-dial-mens-watch-/333133915138
365,2019-04-16,3000.0,3000.0,pre-owned,NULL,Gold,"Crocodile Skin, Genuine Leather",Orchid,FixedPrice,2019-03-26,http://www.ebay.com/itm/rolex-benvenuto-cellini-4350-18k-gold-watch-/254177713359
366,2019-04-16,3595.0,3550.0,pre-owned,NULL,NULL,NULL,NULL,Auction,2019-04-06,http://www.ebay.com/itm/stunning-1981-rolex-16013-datejust-36mm-mans-gold-steel-watch-jubilee-nr-/392272178206
367,2019-04-15,7500.0,7500.0,pre-owned,NULL,NULL,NULL,NULL,Auction,2019-04-15,http://www.ebay.com/itm/rolex-submariner-116613lb-mint-condition-/323779180597
368,2019-04-15,10738.0,10688.0,pre-owned,Mechanical (Automatic),Stainless Steel,Stainless Steel,Rolex Datejust,Auction,2019-04-05,http://www.ebay.com/itm/vintage-rolex-milgauss-ref-1019-serial-1-5-million-first-generation-/153441555529
369,2019-04-15,8600.0,8600.0,pre-owned,NULL,NULL,NULL,Rolex Datejust 41mm,FixedPrice,2019-04-14,http://www.ebay.com/itm/rolex-datejust-ll-41mm-116333-two-tone-steel-gold-oyster-/273805948125
370,2019-04-15,6875.0,6800.0,pre-owned,Mechanical (Automatic),"Stainless Steel, Solid Gold",Stainless Steel,Rolex GMT-Master,StoreInventory,2018-11-26,http://www.ebay.com/itm/vintage-rolex-gmt-master-16753-18k-y-g-s-s-custom-diamonds-box-only-/153278693409
371,2019-04-15,7100.0,7100.0,pre-owned,NULL,NULL,NULL,NULL,Auction,2019-04-08,http://www.ebay.com/itm/rolex-114060-no-date-submariner-box-and-papers-full-kit-/273799132960
372,2019-04-15,4900.0,4850.0,pre-owned,Mechanical (Automatic),"Silver, Stainless Steel",Stainless Steel,Rolex Oyster Perpetual,Auction,2019-04-08,http://www.ebay.com/itm/rolex-oyster-perpetual-datejust-ref-116234-steel-gold-wristwatch-/303120947097
373,2019-04-15,9650.0,9620.0,pre-owned,NULL,NULL,NULL,NULL,Auction,2019-04-08,http://www.ebay.com/itm/vintage-rolex-gilt-gmt-master-wristwatch-ref-1675-rare-nr-/202648999576
374,2019-04-15,8230.0,8200.0,pre-owned,NULL,Stainless Steel,NULL,Rolex GMT-Master,Auction,2019-04-08,http://www.ebay.com/itm/vintage-rolex-gmt-master-wristwatch-ref-1675-1970s-pepsi-bezel-nr-/202649165221
375,2019-04-15,3875.0,3875.0,pre-owned,Mechanical (Automatic),Stainless Steel,Stainless Steel,Rolex Air-King,StoreInventory,2019-02-20,http://www.ebay.com/itm/rolex-mens-oyster-5500-air-king-precision-automatic-c-1969-all-original-lv755-/254133333431
376,2019-04-15,7000.0,7000.0,pre-owned,Mechanical (Automatic),Stainless Steel,Stainless Steel,Rolex Explorer II,FixedPrice,2019-04-15,http://www.ebay.com/itm/rolex-explorer-ii-16570-stainless-steel-white-polar-date-gmt-oyster-watch-/293050359936
377,2019-04-15,4500.0,4500.0,new with tags,Mechanical (Automatic),NULL,Stainless Steel,Rolex Oyster Perpetual,Auction,2019-04-11,http://www.ebay.com/itm/rolex-oyster-perpetual-116000-0009-/163645435927
378,2019-04-15,5049.0,5049.0,pre-owned,Mechanical (Automatic),Stainless Steel,Genuine Leather,Rolex Date,Auction,2019-04-14,http://www.ebay.com/itm/rolex-submariner-date-16610-black-dial-stainless-steel-nato-band-no-box-paper-/333157434146
379,2019-04-15,6819.0,6769.0,pre-owned,NULL,NULL,NULL,Rolex Submariner,Auction,2019-04-08,http://www.ebay.com/itm/1970s-vintage-original-tudor-rolex-submariner-snowflake-ref-94010-/133017061633
380,2019-04-15,3695.0,3695.0,pre-owned,NULL,NULL,NULL,NULL,Auction,2019-04-08,http://www.ebay.com/itm/rolex-oyster-perpetual-116000-stainless-steel-blue-dial-excellent-/333149523012
381,2019-04-15,4250.0,4250.0,pre-owned,Mechanical (Automatic),Stainless Steel,Stainless Steel,Rolex Explorer,FixedPrice,2019-04-15,http://www.ebay.com/itm/2005-rolex-explorer-1-ref-114270-stainless-steel-/264284812726
382,2019-04-15,3800.0,3765.0,pre-owned,Mechanical (Automatic),Stainless Steel,NULL,Rolex Sea-Dweller,FixedPrice,2019-04-15,http://www.ebay.com/itm/rolex-sea-dweller-16600-box-no-papers-/273807367411
383,2019-04-15,3195.0,3195.0,pre-owned,NULL,NULL,NULL,NULL,Auction,2019-04-08,http://www.ebay.com/itm/mens-rolex-oyster-perpetual-datejust-stainless-steel-gold-diamond-watch-/192884775777
384,2019-04-15,6195.0,6195.0,pre-owned,Mechanical (Automatic),Stainless Steel,Stainless Steel,Rolex Submariner,FixedPrice,2019-04-15,http://www.ebay.com/itm/rolex-submariner-date-black-dial-bezel-oyster-stainless-steel-t-serial-16610-/143215854839
385,2019-04-15,3532.0,3500.0,pre-owned,Mechanical (Automatic),18K Gold,18K Gold,Rolex Day-Date,Auction,2019-04-09,http://www.ebay.com/itm/rolex-1803-president-day-date-yg-claw-dial-swiss-only-1961-/293042107674
386,2019-04-15,8750.0,8750.0,new with tags,Mechanical (Automatic),Stainless Steel,Stainless Steel,Rolex Yacht-Master,StoreInventory,2019-03-31,http://www.ebay.com/itm/rolex-yachtmaster-168622-midsize-steel-platinum-dial-oyster-bracelet-/173857925899
387,2019-04-15,7900.0,7900.0,pre-owned,Automatic,"18K Yellow Gold, Stainless Steel","Stainless, 18K Yellow Gold",Rolex Datejust,FixedPrice,2019-04-15,http://www.ebay.com/itm/rolex-datejust-36mm-stainleess-steel-18k-yellow-gold-black-roman-dial-116233-/113719354226
388,2019-04-15,10045.0,10045.0,new with tags,Swiss Automatic,Stainless Steel,Two Tone Stainless Steel,Datejust,FixedPrice,2018-11-02,http://www.ebay.com/itm/rolex-new-yacht-master-268622-37mm-steel-platinum-2018-box-paper-2yrwty-rl424-/183516218783
389,2019-04-15,4000.0,4000.0,pre-owned,Mechanical (Automatic),"Solid Gold, Stainless Steel",Genuine Leather,Rolex Datejust,Auction,2019-04-08,http://www.ebay.com/itm/rolex-oyster-perpetual-datejust-diamonds-watch-/401745678738
390,2019-04-15,5950.0,5950.0,pre-owned,NULL,NULL,NULL,NULL,FixedPrice,2019-04-03,http://www.ebay.com/itm/rolex-submariner-steel-black-dial-40-mm-automatic-mens-watch-14060-circa-2006-/401742570455
391,2019-04-15,7012.0,7000.0,pre-owned,NULL,Stainless Steel,Yellow Gold,Rolex Yacht-Master,FixedPrice,2019-04-02,http://www.ebay.com/itm/2016-rolex-yachtmaster-42mm-two-tone-yellow-gold-stainless-steels-white-dail-men-/202642902626
392,2019-04-15,7150.0,7150.0,pre-owned,Mechanical (Hand-winding),NULL,Genuine Leather,CELLINI DANAOS XL,StoreInventory,2019-03-19,http://www.ebay.com/itm/rolex-cellini-danaos-18k-white-gold-silver-dial-watch-4243-box-/254170080668
393,2019-04-15,6000.0,6000.0,pre-owned,Mechanical (Automatic),14K Gold,14k Yellow Gold,Rolex Date,StoreInventory,2018-12-16,http://www.ebay.com/itm/rolex-date-jubilee-14k-solid-yellow-gold-15037-quick-set-mens-watch-champagne-/292873922137
394,2019-04-15,9000.0,9000.0,pre-owned,Mechanical (Automatic),Stainless Steel,Stainless Steel,Rolex GMT-Master,StoreInventory,2019-03-27,http://www.ebay.com/itm/rolex-gmt-master-red-blue-pepsi-16700-box-papers-/264257651415
395,2019-04-15,6900.0,6900.0,new without tags,Mechanical (Automatic),Stainless Steel,NULL,Rolex Datejust II,StoreInventory,2019-04-04,http://www.ebay.com/itm/rolex-datejust-ii-116300-stainless-steel-blue-dial-white-index-/223471650455
396,2019-04-15,4065.0,4000.0,pre-owned,NULL,NULL,NULL,Rolex Submariner,FixedPrice,2019-03-18,http://www.ebay.com/itm/rolex-submariner-14060m-2004-box-and-papers-reserved-/202628621653
397,2019-04-15,5022.0,4975.0,pre-owned,Mechanical (Automatic),Stainless Steel,Stainless Steel,Explorer,FixedPrice,2019-04-14,http://www.ebay.com/itm/1999-rolex-explorer-ii-16570-40mm-polar-dial-/143215222055
398,2019-04-15,9503.0,9500.0,pre-owned,Mechanical (Automatic),Gold,Yellow Gold,Rolex Oyster Perpetual,StoreInventory,2019-02-25,http://www.ebay.com/itm/man-rolex-18k-white-gold-oyster-perpetual-day-date-comes-box-papers-/202608116972
399,2019-04-15,4232.0,4200.0,pre-owned,Mechanical (Automatic),Stainless Steel,Two-Tone: Stainless Steel & 18k Yellow Gold,Rolex Datejust,StoreInventory,2018-10-26,http://www.ebay.com/itm/rolex-datejust-gold-steel-diamond-set-gents-size-mint-condition-ref-16233-/153233467051
