,date,total,price,condition,movement,case material,band material,model,listingType,start,url
1,2019-04-24,4300.0,4300.0,pre-owned,Mechanical (Hand-winding),White Gold,Alligator,Cellini,FixedPrice,2019-03-17,http://www.ebay.com/itm/rolex-cellini-5330-/254167439822
2,2019-04-24,4789.0,4750.0,pre-owned,Mechanical (Automatic),Stainless Steel,Stainless Steel,Rolex Datejust,Auction,2019-04-14,http://www.ebay.com/itm/rolex-26mm-datejust-18k-rose-steel-179163-white-roman-100-genuine-2007-/133022658662
3,2019-04-24,6894.0,6894.0,pre-owned,Mechanical (Automatic),Stainless Steel,Stainless Steel,Rolex Submariner,FixedPrice,2018-10-12,http://www.ebay.com/itm/rolex-submariner-4-line-engraved-rehaut-no-date-stainless-black-14060-m-watch-/153216470702
7,2019-04-24,6278.0,6278.0,pre-owned,Mechanical (Automatic),Stainless Steel,Stainless Steel,Datejust II,FixedPrice,2019-04-16,http://www.ebay.com/itm/rolex-datejust-ii-auto-41mm-steel-mens-oyster-bracelet-watch-116300-/283454122753
10,2019-04-24,8050.0,8050.0,pre-owned,Mechanical (Automatic),18K Yellow Gold and Stainless Steel,18K Yellow Gold and Stainless Steel,Rolex Datejust,StoreInventory,2019-04-24,http://www.ebay.com/itm/rolex-datejust-116231-stainless-steel-18k-rose-gold-36mm-watch-box-papers-/401755246820
11,2019-04-24,4750.0,4750.0,pre-owned,Mechanical Movement,Stainless Steel,Two-Tone: Stainless Steel & 10k Yellow Gold,Datejust,StoreInventory,2019-02-07,http://www.ebay.com/itm/rolex-datejust-36mm-steel-jubilee-mens-watch-w-mop-diamond-dial-1-5ct-bezel-/254113323794
12,2019-04-24,3400.0,3400.0,pre-owned,Mechanical (Automatic),"Solid Gold, Stainless Steel","Solid Gold, Stainless Steel",Rolex Datejust,FixedPrice,2019-04-24,http://www.ebay.com/itm/rolex-datejust-mens-36mm-watch-two-tone-roman-numeral-black-dial-gold-bezel-/293061980526
14,2019-04-24,8050.0,8050.0,pre-owned,Mechanical (Automatic),18K Yellow Gold and Stainless Steel,"18k Rose Gold & Steel, Stainless Steel",DateJust,StoreInventory,2019-04-24,http://www.ebay.com/itm/rolex-datejust-116231-stainless-steel-18k-rose-gold-36mm-watch-box-papers-/392283427379
15,2019-04-24,6995.0,6995.0,pre-owned,Mechanical (Automatic),Stainless Steel,Stainless Steel,Rolex Submariner,StoreInventory,2019-04-17,http://www.ebay.com/itm/rolex-submariner-16610-s-perfect-tritium-dial-t-25-warranty-/392278909317
17,2019-04-24,3650.0,3650.0,pre-owned,Mechanical (Automatic),Stainless Steel,Stainless Steel,Rolex Oysterdate,FixedPrice,2019-02-22,http://www.ebay.com/itm/rolex-mens-oyster-perpetual-date-1500-automatic-chronometer-c-1969-swiss-lv767-/254135018522
18,2019-04-24,9000.0,9000.0,pre-owned,Mechanical (Automatic),Stainless Steel,"Stainless Steel,Yellow Gold",GMT Master II,FixedPrice,2019-02-26,http://www.ebay.com/itm/rolex-gmt-master-ii-rootbeer-auto-steel-gold-mens-bracelet-watch-date-16713-/273732518283
19,2019-04-24,11500.0,11500.0,pre-owned,Mechanical: Automatic,Stainless Steel,Stainless Steel,Rolex Sea-Dweller Deepsea,FixedPrice,2019-02-25,http://www.ebay.com/itm/rolex-deepsea-sea-dweller-auto-44mm-steel-mens-oyster-bracelet-watch-date-126660-/273730125843
20,2019-04-24,9500.0,9500.0,pre-owned,Mechanical (Automatic),Stainless Steel,Stainless Steel,Rolex Submariner,StoreInventory,2019-04-23,http://www.ebay.com/itm/40mm-submariner-rolex-black-dial-bezel-ref-116610ln-/223492101667
22,2019-04-24,8000.0,8000.0,pre-owned,Mechanical (Automatic),Stainless Steel,Stainless Steel,Rolex Datejust,StoreInventory,2019-04-02,http://www.ebay.com/itm/rolex-datejust-116231-stainless-steel-18k-rose-gold-36mm-watch-box-papers-/392270219783
24,2019-04-24,4150.0,4150.0,pre-owned,Mechanical (Automatic),Stainless Steel,Genuine Leather,Rolex Datejust,FixedPrice,2019-02-01,http://www.ebay.com/itm/rolex-oyster-perpetual-116000-blue-dial-lnib-dated-dec-2018-w-box-papers-/143113027922
26,2019-04-24,4576.0,4500.0,pre-owned,Mechanical (Automatic),Stainless Steel,Stainless Steel,Rolex Datejust,FixedPrice,2019-04-22,http://www.ebay.com/itm/pre-owned-slightly-used-18-men-s-rolex-oyster-perpetual-black-dial-39mm-/143224990607
28,2019-04-24,6500.0,6500.0,pre-owned,Mechanical (Automatic),Stainless Steel,Stainless Steel,Rolex Submariner,StoreInventory,2019-04-21,http://www.ebay.com/itm/rolex-mens-steel-submariner-black-dial-bezel-16610-box-books-/183783127547
30,2019-04-24,7600.0,7600.0,pre-owned,AUTOMATIC,"Gold, 18k yellow gold",Yellow Gold,Rolex President,Auction,2019-04-17,http://www.ebay.com/itm/rolex-vintage-18k-yellow-gold-day-date-1806-morellis-watch-papers-buy-now-/153454573448
33,2019-04-24,8855.0,8800.0,pre-owned,Mechanical (Automatic),Stainless Steel,Stainless Steel,Rolex Submariner,StoreInventory,2019-03-25,http://www.ebay.com/itm/mens-rolex-submariner-116610-ceramic-bezel-insert-stainless-steel-g-serial-/264254639255
35,2019-04-24,10600.0,10600.0,pre-owned,Automatic Winding Movement Caliber 3135 - Quickset,Stainless Steel,Stainless Steel,Rolex Submariner,FixedPrice,2019-04-23,http://www.ebay.com/itm/rolex-submariner-stainless-gold-blue-ceramic-dial-40mm-perfect-condition-/323787178289
36,2019-04-23,3400.0,3400.0,pre-owned,Mechanical (Automatic),Stainless Steel,Stainless Steel,Rolex Datejust,StoreInventory,2019-04-23,http://www.ebay.com/itm/rolex-2002-datejust-ladies-18k-gold-stainless-ref-79173-automatic-swiss-watch-/283460371933
39,2019-04-23,5200.0,5200.0,pre-owned,Mechanical (Automatic),Stainless Steel,Two-Tone: Stainless Steel & 10k Yellow Gold,Rolex Oyster Perpetual,FixedPrice,2019-04-23,http://www.ebay.com/itm/rolex-stainless-datejust-/254209469837
45,2019-04-23,5500.0,5500.0,pre-owned,Automatic,Stainless Steel,"Yellow Gold, Stainless Steel",Rolex Datejust,StoreInventory,2019-02-07,http://www.ebay.com/itm/rolex-datejust-31mm-s-s-jubilee-womens-watch-mop-diamond-dial-diamond-bezel-/254113323705
46,2019-04-23,3400.0,3400.0,pre-owned,Mechanical (Automatic),Stainless Steel,Stainless Steel,Rolex Oyster Perpetual,FixedPrice,2018-04-25,http://www.ebay.com/itm/rolex-air-king-114200-oyster-perpetual-no-holes-case-stainless-steel-mens-watch-/132597764542
48,2019-04-23,4502.0,4502.0,manufacturer refurbished,Mechanical (Automatic),Stainless Steel,Stainless Steel,Rolex Oyster Perpetual,Auction,2019-04-16,http://www.ebay.com/itm/rolex-oyster-perpetual-39-blue-114300-like-new-warranty-original-box-papers-/183777123733
51,2019-04-23,6528.0,6478.0,pre-owned,Mechanical (Automatic),Stainless Steel,Stainless Steel,Rolex Submariner,StoreInventory,2019-04-21,http://www.ebay.com/itm/rolex-submariner-date-16610-u-series-1997-tight-band-very-nice-sub-/163659692636
52,2019-04-23,8900.0,8900.0,pre-owned,Mechanical (Automatic),Stainless Steel,Stainless Steel,Rolex Submariner,StoreInventory,2019-01-17,http://www.ebay.com/itm/rolex-submariner-116610-stainless-steel-black-/143094038100
55,2019-04-23,6250.0,6250.0,pre-owned,Mechanical (Automatic),Stainless Steel,Stainless Steel,Rolex Submariner,StoreInventory,2019-04-17,http://www.ebay.com/itm/1991-40mm-rolex-submariner-16610-stainless-steel-automatic-mens-watch-/163654239036
57,2019-04-23,11057.0,11057.0,pre-owned,Mechanical (Automatic),Stainless Steel,Gold,GMT Mast II,Auction,2019-04-16,http://www.ebay.com/itm/vintage-1985-rolex-gmt-master-16750-pepsi-patina-gloss-dial-serviced-/264286072011
59,2019-04-23,9000.0,8950.0,new without tags,Mechanical (Automatic),Stainless Steel,Stainless Steel,Submariner,StoreInventory,2019-04-13,http://www.ebay.com/itm/rolex-submariner-116610ln-2015-/113717251582
61,2019-04-23,7395.0,7395.0,new with tags,Automatic,Stainless Steel,Stainless Steel,Rolex Datejust II,StoreInventory,2019-04-11,http://www.ebay.com/itm/brand-new-rolex-126300-datejust-41mm-white-dial-jubilee-band-box-papers-/283448614255
65,2019-04-23,3200.0,3200.0,pre-owned,Mechanical (Automatic),Stainless Steel,Stainless Steel,Rolex Datejust,StoreInventory,2019-04-22,http://www.ebay.com/itm/rolex-datejust-stainless-steel-men-watch-w-silver-dial-/323786124144
68,2019-04-23,8797.0,8797.0,pre-owned,Mechanical (Automatic),Stainless Steel,Stainless Steel,Rolex Submariner,FixedPrice,2019-04-20,http://www.ebay.com/itm/2018-rolex-submariner-date-116610-ln-stainless-black-dive-ceramic-40mm-watch-box-/303131827426
74,2019-04-23,3245.0,3200.0,pre-owned,Mechanical (Automatic),Stainless Steel,White Gold,Rolex Datejust,Auction,2019-04-13,http://www.ebay.com/itm/1970-rolex-1603-datejust-stainless-steel-black-dial-engine-turned-bezel-no-res-/293046530511
76,2019-04-23,6598.0,6550.0,pre-owned,Mechanical (Automatic),"Stainless Steel, Gold","Stainless Steel, Gold",ROLEX DATE,Auction,2019-04-13,http://www.ebay.com/itm/rolex-submariner-date-ref-168000-vintage-watch-100-genuine-cal-3035-/312568820111
77,2019-04-22,3350.0,3350.0,pre-owned,Mechanical (Automatic),Stainless Steel,Genuine Leather,Rolex Datejust,Auction,2019-04-15,http://www.ebay.com/itm/rolex-datejust-16200-silver-dial-2003-excellent-36mm-free-shipping-/333158899159
78,2019-04-22,8400.0,8400.0,pre-owned,Mechanical: Automatic,Stainless Steel,Stainless Steel,Rolex Sea-Dweller Deepsea,StoreInventory,2019-04-20,http://www.ebay.com/itm/rolex-sea-dweller-deepsea-116660-stainless-steel-black-ceramic-watch-44mm-/392280728668
80,2019-04-22,5800.0,5800.0,pre-owned,Automatic Self Wind,Yellow Gold,Yellow Gold,Date,StoreInventory,2019-03-23,http://www.ebay.com/itm/rolex-date-vintage-14k-solid-gold-ref-1500-mens-34mm-watch-box-papers-/293019176327
81,2019-04-22,5500.0,5500.0,pre-owned,Mechanical (Automatic),Stainless Steel,Stainless Steel,Rolex Explorer II,FixedPrice,2019-01-22,http://www.ebay.com/itm/rolex-216570-explorer-ii-stainless-steel-black-dial-series-max078865-/382745380841
82,2019-04-22,4025.0,4000.0,pre-owned,Mechanical (Automatic),"Solid Gold, Stainless Steel","Solid Gold, Stainless Steel",Rolex Oyster Perpetual,FixedPrice,2019-04-22,http://www.ebay.com/itm/rolex-oyster-perpetual-18k-yellow-gold-stainless-steel-wide-fluted-bezel-/273817303722
84,2019-04-22,5500.0,5500.0,new with tags,Mechanical (Automatic),Stainless Steel,Stainless Steel,Rolex Datejust II,StoreInventory,2019-04-22,http://www.ebay.com/itm/mens-rolex-datejust-ii-stainless-steel-w-white-dial-116300-/273817579015
85,2019-04-22,7000.0,7000.0,pre-owned,Mechanical (Automatic),Stainless Steel,Stainless Steel,Rolex Explorer II,Auction,2019-04-15,http://www.ebay.com/itm/mens-preowned-rolex-explorer-ii-42mm-watch-mint-condition-/362622372154
87,2019-04-22,5500.0,5500.0,pre-owned,Mechanical (Automatic),Stainless Steel,Stainless Steel,Rolex Submariner,FixedPrice,2019-04-22,http://www.ebay.com/itm/rolex-submariner-16610-oyster-perpetual-date-w-box-papers-1998-/323786008315
88,2019-04-22,3888.0,3888.0,pre-owned,Mechanical (Automatic),Stainless Steel,Stainless Steel,Air-King,FixedPrice,2019-04-01,http://www.ebay.com/itm/rolex-oyster-perpetual-auto-34mm-steel-mens-bracelet-watch-114200-/293030927945
89,2019-04-22,6900.0,6900.0,pre-owned,Mechanical (Automatic),Stainless Steel,Stainless Steel,Rolex Submariner,StoreInventory,2019-03-06,http://www.ebay.com/itm/rolex-submariner-date-stainless-steel-black-dial-16610t-/264227493885
91,2019-04-22,5750.0,5700.0,pre-owned,Mechanical (Automatic),Stainless Steel,Stainless Steel,116900,StoreInventory,2019-04-12,http://www.ebay.com/itm/rolex-air-king-116900-stainless-steel-automatic-mens-watch-40mm-/113715889888
92,2019-04-22,11050.0,11000.0,pre-owned,Mechanical (Automatic),Stainless Steel,Steel,GMT Master,StoreInventory,2019-04-18,http://www.ebay.com/itm/rolex-gmt-master-pepsi-vintage-auto-steel-mens-riveted-bracelet-watch-date-1675-/163655324317
94,2019-04-22,9600.0,9600.0,pre-owned,Quartz (Battery),Gold,Gold,Quartz,StoreInventory,2019-04-22,http://www.ebay.com/itm/7016-0-tudor-rolex-submariner-prince-1968-restore-runs-strong-cool-orig-dial-/333167139670
95,2019-04-22,7500.0,7500.0,pre-owned,Mechanical (Automatic),Stainless Steel,Stainless Steel,Rolex Submariner,StoreInventory,2019-04-05,http://www.ebay.com/itm/rolex-2006-submariner-box-papers-black-no-holes-oyster-16610-40mm-steel-/192881200489
96,2019-04-22,3500.0,3500.0,pre-owned,Mechanical (Automatic),Stainless Steel,Genuine Leather,Rolex Datejust,FixedPrice,2019-04-03,http://www.ebay.com/itm/mens-36mm-rolex-datejust-16234-jubilee-bracelet-18kt-wg-bezel-silver-dial-1991-/173861303960
98,2019-04-22,4011.0,4000.0,pre-owned,Mechanical (Automatic),Stainless Steel,Stainless Steel,Rolex Daytona,FixedPrice,2019-04-22,http://www.ebay.com/itm/rolex-daytona-116520-wrist-watch-men-/192895819788
100,2019-04-22,9900.0,9800.0,pre-owned,Mechanical (Automatic),Stainless Steel,Stainless Steel,Rolex Submariner,FixedPrice,2019-04-21,http://www.ebay.com/itm/2019-rolex-submariner-date-ceramic-stainless-steel-automatic-watch-116610ln-/273816160058
102,2019-04-22,5405.0,5375.0,new with tags,Mechanical (Automatic),Stainless Steel,Stainless Steel,Rolex Oyster Perpetual,StoreInventory,2019-04-09,http://www.ebay.com/itm/new-rolex-oyster-perpetual-39-mm-dark-rhodium-steel-mens-watch-ref-114300-2018-/163642126006
104,2019-04-22,7869.0,7835.0,pre-owned,Mechanical (Automatic),14K Gold,14k Yellow Gold,Rolex Date,StoreInventory,2019-04-17,http://www.ebay.com/itm/rolex-15037-14k-gold-date-1987-near-mint-condition-/123738672986
107,2019-04-22,6975.0,6975.0,pre-owned,Mechanical (Automatic),Stainless Steel,Two-Tone: Stainless Steel & 18k Yellow Gold,Rolex Submariner,FixedPrice,2019-04-13,http://www.ebay.com/itm/gentlemens-two-tone-blue-rolex-submariner-16613-wristwatch-/123734456100
109,2019-04-22,7500.0,7500.0,pre-owned,Mechanical (Automatic),Stainless Steel,Stainless Steel,Rolex Datejust,FixedPrice,2019-04-22,http://www.ebay.com/itm/rolex-watch-datejust-/273816745066
112,2019-04-22,7250.0,7250.0,pre-owned,Mechanical (Automatic),Stainless Steel,Stainless Steel,Rolex Sea-Dweller,StoreInventory,2019-02-15,http://www.ebay.com/itm/rolex-sea-dweller-16660-triple-6-vintage-1984-steel-pre-owned-near-mint-8-3-mill-/132954288843
113,2019-04-22,3725.0,3700.0,pre-owned,Mechanical (Hand-winding),Stainless Steel,Leather,Oysterdate Precision,Auction,2019-04-12,http://www.ebay.com/itm/rolex-6694-oman-model-vintage-hand-winding-watch-1966-running-good-cal-1225-/113715989520
114,2019-04-22,6410.0,6310.0,pre-owned,Mechanical (Automatic),Gold,Gold,Rolex President,Auction,2019-04-15,http://www.ebay.com/itm/rolex-ladies-president-18k-datejust-rolex-diamond-bezel-dial-1999-mfg-/183774987428
118,2019-04-22,10700.0,10700.0,pre-owned,Mechanical (Automatic),Yellow Gold / Steel,Yellow Gold / Steel,Rolex Submariner,Auction,2019-04-12,http://www.ebay.com/itm/rolex-submariner-116613-40mm-stainless-steel-yellow-gold-ceramic-watch-/273803199774
119,2019-04-22,3004.0,3000.0,pre-owned,Mechanical (Automatic),Stainless Steel,Two-Tone: Stainless Steel & 18k Yellow Gold,Rolex Datejust,StoreInventory,2019-03-22,http://www.ebay.com/itm/mens-stainless-steel-18k-gold-rolex-datejust-36-watch-white-roman-face-16233-/123703033649
120,2019-04-22,6500.0,6500.0,pre-owned,Mechanical (Automatic),Stainless Steel,Stainless Steel,Rolex Datejust,FixedPrice,2019-04-20,http://www.ebay.com/itm/rolex-datejust-18k-gold-stainless-steel-jubilee-bracelet-watch-/223489063239
123,2019-04-22,8514.0,8500.0,pre-owned,Mechanical (Automatic),Stainless Steel,Gold,GMT Mast II,FixedPrice,2019-04-10,http://www.ebay.com/itm/rolex-16753-gmt-master-18k-gold-steel-root-beer-/254195013700
124,2019-04-22,5100.0,5100.0,pre-owned,Mechanical (Automatic),"Stainless Steel, Platinum",Stainless Steel,Rolex Yacht-Master,FixedPrice,2019-04-21,http://www.ebay.com/itm/rolex-yacht-master-16622-stainless-steel-platinum-automatic-mens-watch-/153459253365
125,2019-04-21,5523.0,5500.0,pre-owned,Mechanical (Automatic),Stainless Steel,Stainless Steel,Rolex Submariner,StoreInventory,2019-02-26,http://www.ebay.com/itm/rolex-submariner-mens-14060-stainless-steel-black-dial-automatic-watch-/312504830474
128,2019-04-21,8654.0,8550.0,pre-owned,Mechanical (Automatic),Stainless Steel,Stainless Steel,Rolex Datejust,FixedPrice,2019-03-25,http://www.ebay.com/itm/rolex-18k-day-date18238-1993-excellent-condition-tight-presidential-band-/401736617371
130,2019-04-21,7325.0,7250.0,new with tags,Automatic,Stainless Steel,Stainless Steel,Rolex Datejust,StoreInventory,2019-01-26,http://www.ebay.com/itm/rolex-datejust-116234g-wrist-watch-2019-/123613167310
131,2019-04-21,3595.0,3595.0,pre-owned,Mechanical (Automatic),Stainless Steel,Stainless Steel,Rolex Datejust,StoreInventory,2019-02-20,http://www.ebay.com/itm/rolex-mens-18k-gold-ss-datejust-1625-turn-o-graph-automatic-c-1968-lv369-/264206466324
133,2019-04-21,3800.0,3800.0,new with tags,Mechanical (Automatic),Stainless Steel,Stainless Steel,Rolex Datejust,Auction,2019-04-14,http://www.ebay.com/itm/mens-new-dominos-2018-rolex-md-116000-stainless-box-w-tags-collectable-item-/143215256240
134,2019-04-21,6528.0,6478.0,pre-owned,Mechanical (Automatic),Stainless Steel,Stainless Steel,Rolex Submariner,StoreInventory,2019-04-12,http://www.ebay.com/itm/rolex-submariner-date-16610-u-series-1997-tight-band-very-nice-sub-/163646696829
135,2019-04-21,10570.0,10500.0,pre-owned,Mechanical (Automatic),Stainless Steel,Stainless Steel,Rolex GMT-Master II,StoreInventory,2019-04-21,http://www.ebay.com/itm/unpolished-2016-rolex-116710ln-gmt-master-ii-ceramic-bezel-watch-full-set-/183782926220
136,2019-04-21,6800.0,6800.0,pre-owned,Mechanical (Automatic),Stainless Steel,Stainless Steel,Rolex Submariner,StoreInventory,2019-04-18,http://www.ebay.com/itm/rolex-mens-steel-submariner-black-dial-bezel-16610-box-books-/183779704505
137,2019-04-21,10995.0,10995.0,pre-owned,Mechanical (Automatic),Stainless Steel,Stainless Steel,Rolex Submariner,StoreInventory,2019-04-16,http://www.ebay.com/itm/rolex-submariner-116613-blue-ceramic-18k-yellow-gold-stainless-steel-/273809199569
138,2019-04-21,10100.0,10100.0,pre-owned,Mechanical (Automatic),Stainless Steel,Stainless Steel,Rolex Submariner,Auction,2019-04-14,http://www.ebay.com/itm/vintage-men-s-rolex-submariner-1680-nice-patina-runs-perfect-1978-aged-dial-rare-/323777799712
140,2019-04-21,3620.0,3600.0,pre-owned,Mechanical (Automatic),Gold,Leather,Datejust,FixedPrice,2019-04-21,http://www.ebay.com/itm/rolex-cellini-mechanical-18k-yellow-gold-watch-strap-39mm-/143223802989
142,2019-04-21,7805.0,7750.0,pre-owned,Mechanical (Automatic),Stainless Steel,Stainless Steel,Rolex Submariner,StoreInventory,2019-03-19,http://www.ebay.com/itm/mens-rolex-submariner-16610t-stainless-steel-black-dial-bezel-insert-2008-/264246369770
143,2019-04-21,3894.0,3894.0,pre-owned,Mechanical (Automatic),"Stainless Steel, Gold","Stainless Steel, Gold",Rolex Datejust,FixedPrice,2019-04-20,http://www.ebay.com/itm/rolex-datejust-31mm-midsize-two-tone-stainless-gold-68273-black-stick-watch-/273814952285
144,2019-04-21,3125.0,3080.0,pre-owned,Mechanical (Automatic),Stainless Steel,Stainless Steel,Rolex Oyster Perpetual,StoreInventory,2019-04-07,http://www.ebay.com/itm/stunning-1969-rolex-oyster-perpetual-date-rolex-bracelet-vintage-watch-/173865483310
145,2019-04-21,6016.0,6000.0,pre-owned,Mechanical (Automatic),Stainless Steel,Stainless Steel,Rolex Explorer II,StoreInventory,2019-04-02,http://www.ebay.com/itm/rolex-oyster-perpetual-explorer-ii-216570-black-dial-rolex-warranty-2018-/192878120024
147,2019-04-21,3400.0,3400.0,pre-owned,Mechanical (Hand-winding),Stainless Steel,"Crocodile Skin, Leather",Rolex Oysterdate,StoreInventory,2019-02-20,http://www.ebay.com/itm/rolex-swiss-mens-oysterdate-precision-6694-hand-wind-c-1974-all-original-lv373-/264206466192
148,2019-04-21,3370.0,3350.0,pre-owned,Mechanical (Automatic),Stainless Steel,Genuine Leather,Rolex 3458,Auction,2019-04-18,http://www.ebay.com/itm/rolex-3458-lady-swiss-made-manual-vintage-1963-stainless-steel-dress-watch-mc306-/264288340173
150,2019-04-21,4000.0,4000.0,pre-owned,Mechanical (Automatic),Stainless Steel,Stainless Steel,Rolex DateJust,StoreInventory,2019-04-09,http://www.ebay.com/itm/rolex-datejust-178240-stainless-steel-automatic-watch-31mm-box-paperwork-/401746410905
152,2019-04-21,6800.0,6800.0,pre-owned,Mechanical (Automatic),Solid Gold,Solid Gold,Rolex President,Auction,2019-04-11,http://www.ebay.com/itm/estate-rolex-ladies-masterpiece-president-18k-gold-datejust-diamond-bezel-/303123241504
153,2019-04-21,3400.0,3400.0,seller refurbished,Mechanical (Hand-winding),Solid Gold,Yellow Gold,Rolex Cellini,StoreInventory,2019-04-17,http://www.ebay.com/itm/unisex-vintage-rolex-cellini-18k-yellow-gold-w-gold-dial-/273810753854
156,2019-04-21,3887.0,3887.0,pre-owned,Swiss Automatic,Stainless Steel,Stainless Steel,Date Just 1601,StoreInventory,2019-04-12,http://www.ebay.com/itm/rolex-mens-datejust-steel-oyster-diamond-sapphire-bezel-dial-pearl-watch-/254197951596
158,2019-04-20,5700.0,5700.0,pre-owned,Mechanical (Automatic),14K Yellow GOld,Alligator,15037 ROlex 14K Oyster Perpetual Date,FixedPrice,2018-01-13,http://www.ebay.com/itm/rolex-oyster-perpetual-date-14k-yellow-gold-15037-34mm-circa-1980-watch-/282808471893
159,2019-04-20,7500.0,7500.0,pre-owned,Mechanical (Automatic),Stainless Steel,Stainless Steel,Rolex Submariner,StoreInventory,2019-02-10,http://www.ebay.com/itm/rolex-submariner-no-date-114060-black-dial-ceramic-steel-w-b-p-2015-mens-watch-/113630488586
160,2019-04-20,7250.0,7250.0,pre-owned,Automatic,"Gold, Stainless Steel","Gold, Stainless Steel",Rolex Submariner,StoreInventory,2019-04-04,http://www.ebay.com/itm/mens-rolex-datejust-36mm-two-tone-diamond-watch-app-9-5-carats-si1-vs2-diamonds-/163634170942
163,2019-04-20,3337.0,3333.0,pre-owned,Mechanical (Automatic) 26J Cal. 1570,All stainless Steel,S/S bracelet,1500 Oyster Perpetual Chronometer,Auction,2019-04-15,http://www.ebay.com/itm/vintage-rolex-oyster-perpetual-chronometer-mens-wristwatch-non-working-/273808213987
164,2019-04-20,7800.0,7800.0,new with tags,Mechanical (Automatic),Stainless Steel,Stainless Steel,DateJust,StoreInventory,2019-04-08,http://www.ebay.com/itm/rolex-datejust-36mm-black-dial-steel-rose-gold-watch-116231-jubilee-band-/273798749799
165,2019-04-20,3520.0,3500.0,pre-owned,Mechanical (Automatic),Stainless Steel,Stainless Steel,Rolex Datejust,StoreInventory,2019-03-26,http://www.ebay.com/itm/vintage-rolex-cellini-18k-solid-gold-manual-wind-cal-1601-watch-unisex-/312544160806
170,2019-04-20,9150.0,9150.0,pre-owned,Mechanical (Automatic),Stainless Steel,Stainless Steel,Rolex Deepsea,Auction,2019-04-13,http://www.ebay.com/itm/rolex-deepsea-sea-dweller-116660-automatic-mens-44mm-stainless-watch-/333155938584
172,2019-04-20,5775.0,5750.0,new with tags,Automatic,Stainless Steel,Stainless Steel,Rolex Datejust,StoreInventory,2019-04-13,http://www.ebay.com/itm/new-rolex-oyster-perpetual-date-34-mm-silver-dial-watch-115234-2018-unworn-7450-/163648577113
174,2019-04-20,9200.0,9200.0,pre-owned,Mechanical (Automatic),Stainless Steel,Stainless Steel,Rolex Datejust,StoreInventory,2018-08-30,http://www.ebay.com/itm/2018-rolex-datejust-41mm-126334-black-index-jubilee-w-warranty-card-/302864408106
175,2019-04-20,3080.0,3050.0,pre-owned,Mechanical (Automatic),Stainless Steel,Stainless Steel,Rolex Submariner,Auction,2019-04-13,http://www.ebay.com/itm/tudor-submariner-75090-serviced-rolex-crown-caseback-/264281824340
178,2019-04-20,10000.0,10000.0,pre-owned,Mechanical (Automatic),Stainless Steel with 18k White Gold Bezel,Stainless Steel,Datejust II,StoreInventory,2018-10-31,http://www.ebay.com/itm/a8-rolex-mens-41mm-chocolate-face-datejust-18k-everose-gold-stainless-steel-box-/312288651301
179,2019-04-20,8400.0,8400.0,pre-owned,Mechanical: Automatic,Stainless Steel,Stainless Steel,Rolex Sea-Dweller Deepsea,StoreInventory,2019-04-06,http://www.ebay.com/itm/rolex-sea-dweller-deepsea-116660-stainless-steel-black-ceramic-watch-44mm-/401744635103
180,2019-04-20,5293.0,5293.0,pre-owned,Mechanical (Automatic),Stainless Steel,Stainless Steel,Rolex Explorer II,FixedPrice,2019-04-09,http://www.ebay.com/itm/swiss-only-dial-rolex-explorer-ii-16570-stainless-steel-white-polar-date-gmt-/273800137329
182,2019-04-20,5750.0,5750.0,pre-owned,Mechanical (Automatic),Stainless Steel,"Rolex Stainless Steel Oyster, Stainless Steel",Rolex Submariner,StoreInventory,2019-01-04,http://www.ebay.com/itm/rolex-submariner-14060-stainless-steel-black-dial-automatic-watch-40mm-/392207705231
183,2019-04-20,5160.0,5140.0,pre-owned,Mechanical (Automatic),Stainless Steel,Stainless Steel,Rolex Explorer,StoreInventory,2019-04-15,http://www.ebay.com/itm/rolex-14270-explorer-black-dial-stainless-steel-swiss-automatic-watch-/352642688253
186,2019-04-20,5250.0,5200.0,pre-owned,Mechanical (Automatic),Stainless Steel,Oyster Steel,Rolex Oyster Perpetual 39,FixedPrice,2019-04-20,http://www.ebay.com/itm/rolex-oyster-perpetual-114300-39mm-rare-and-newly-released-white-dial-mint-/392280489513
187,2019-04-20,5250.0,5200.0,new with tags,Mechanical (Automatic),Stainless Steel,Stainless Steel,Rolex Air-King,FixedPrice,2019-04-20,http://www.ebay.com/itm/rolex-watch-mens-air-king-116900-stainless-steel-black-dial-40mm-oyster-band-/143221965589
188,2019-04-20,6000.0,6000.0,pre-owned,Mechanical (Automatic),Stainless Steel,Two-Tone: Stainless Steel & 10k Yellow Gold,Rolex Datejust,Auction,2019-04-13,http://www.ebay.com/itm/men-s-14k-yellow-gold-rolex-date-ref-15037-1986-minty-/293045960397
190,2019-04-20,3265.0,3265.0,pre-owned,Mechanical (Automatic),"Solid Gold, Gold, Stainless Steel","Solid Gold, Stainless Steel",Rolex Datejust,FixedPrice,2019-04-20,http://www.ebay.com/itm/rolex-16233-oyster-perpetual-datejust-jubilee-band-18k-gold-ss-diamond-bezel-/223488635500
192,2019-04-20,4992.0,4992.0,pre-owned,Swiss Automatic,Stainless Steel,Stainless Steel,Datejust,FixedPrice,2019-04-13,http://www.ebay.com/itm/mint-rolex-datejust-36mm-16200-diamond-bezel-mop-dial-oyster-watch-16220-/303125573556
193,2019-04-20,11879.0,11879.0,pre-owned,Mechanical (Automatic),Solid Gold,Solid Gold,Rolex President,FixedPrice,2019-04-20,http://www.ebay.com/itm/mint-rolex-president-day-date-18038-complete-box-papers-near-flawless-/202657929267
194,2019-04-19,3550.0,3550.0,pre-owned,Mechanical (Automatic),Stainless Steel,Stainless Steel,Rolex Datejust,Auction,2019-04-09,http://www.ebay.com/itm/no-reserve-unpolished-rolex-datejust-16220-complete-box-papers-/202650150749
196,2019-04-19,3725.0,3695.0,pre-owned,Mechanical (Automatic),Stainless Steel,Stainless Steel,Rolex Air-King,FixedPrice,2019-01-23,http://www.ebay.com/itm/rolex-oyster-perpetual-air-king-precision-blue-arabic-dial-ss-watch-w-papers-/264160252742
197,2019-04-19,3510.0,3500.0,pre-owned,Mechanical (Automatic),Stainless Steel,Stainless Steel,Rolex Datejust,FixedPrice,2019-04-19,http://www.ebay.com/itm/men-s-rolex-datejust-1601-/133027762750
198,2019-04-19,5900.0,5900.0,pre-owned,Mechanical (Automatic),Stainless Steel,Stainless Steel,Rolex Explorer II,FixedPrice,2019-04-19,http://www.ebay.com/itm/authentic-stainless-steel-rolex-explorer-ii-/223488501818
199,2019-04-19,6200.0,6200.0,pre-owned,Mechanical: Automatic,Solid Gold,Yellow Gold,Rolex President,StoreInventory,2018-12-20,http://www.ebay.com/itm/rolex-datejust-26mm-president-18k-yellow-gold-diamond-bezel-band-tiger-eye-dia-/273618770599
200,2019-04-19,3510.0,3500.0,pre-owned,Mechanical (Automatic),Stainless Steel,Stainless Steel,Rolex Datejust,FixedPrice,2019-04-19,http://www.ebay.com/itm/men-s-rolex-datejust-1601-/133027762750
201,2019-04-19,5900.0,5900.0,pre-owned,Mechanical (Automatic),Stainless Steel,Stainless Steel,Rolex Explorer II,FixedPrice,2019-04-19,http://www.ebay.com/itm/authentic-stainless-steel-rolex-explorer-ii-/223488501818
202,2019-04-19,6200.0,6200.0,pre-owned,Mechanical (Automatic),Solid Gold,Yellow Gold,Rolex President,StoreInventory,2018-12-20,http://www.ebay.com/itm/rolex-datejust-26mm-president-18k-yellow-gold-diamond-bezel-band-tiger-eye-dia-/273618770599
203,2019-04-19,3101.0,3101.0,pre-owned,Mechanical (Automatic),Stainless Steel,Stainless Steel,Rolex Datejust,Auction,2019-04-12,http://www.ebay.com/itm/rolex-gents-stainless-steel-datejust-watch-36mm-ref-16030-blue-dial-/113716719864
204,2019-04-19,3350.0,3350.0,pre-owned,Mechanical (Automatic),Stainless Steel,Genuine Leather,Rolex Datejust,StoreInventory,2019-04-11,http://www.ebay.com/itm/rolex-datejust-steel-white-gold-silver-dial-vintage-mens-watch-1601-/333153288763
206,2019-04-19,5250.0,5200.0,pre-owned,Mechanical (Automatic),Stainless Steel,Oyster Steel,Rolex Oyster Perpetual 39,FixedPrice,2019-04-18,http://www.ebay.com/itm/rolex-oyster-perpetual-114300-39mm-rare-and-newly-released-white-dial-mint-/303130056157
208,2019-04-19,3500.0,3500.0,pre-owned,Mechanical (Automatic),Stainless Steel,Two-Tone: Stainless Steel & 14k Yellow Gold,Rolex Datejust,StoreInventory,2019-04-19,http://www.ebay.com/itm/ladies-rolex-datejust-2-tone-14k-yellow-gold-stainless-steel-watch-white-mop-/163657185980
209,2019-04-19,7600.0,7600.0,pre-owned,Mechanical (Automatic),"Stainless Steel, Platinum",Stainless Steel,Rolex Yacht-Master,StoreInventory,2018-10-11,http://www.ebay.com/itm/mint-rolex-yacht-master-16622-steel-platinum-rolesium-date-watch-box-papers-/273504270008
210,2019-04-19,3350.0,3350.0,pre-owned,Mechanical (Automatic),Stainless Steel,Two-Tone: Stainless Steel & 14k Yellow Gold,Rolex Datejust,StoreInventory,2019-04-19,http://www.ebay.com/itm/rolex-datejust-lady-31mm-gold-steel-champagne-dial-78273-jubilee-/382910272959
211,2019-04-19,3400.0,3400.0,pre-owned,Mechanical (Automatic),Stainless Steel,Stainless Steel,Rolex Air-King,StoreInventory,2019-01-04,http://www.ebay.com/itm/rolex-air-king-precision-stainless-steel-blue-dial-14010m-/273638772517
213,2019-04-19,3114.0,3095.0,pre-owned,Mechanical (Automatic),"Solid Gold, Stainless Steel",Stainless Steel,Rolex Datejust,FixedPrice,2019-02-12,http://www.ebay.com/itm/vintage-gold-rolex-oyster-perpetual-datejust-chronometer-watch-36mm-/192823072710
214,2019-04-19,5700.0,5700.0,pre-owned,Mechanical (Automatic),Stainless Steel,Stainless Steel,Rolex Explorer,FixedPrice,2019-04-16,http://www.ebay.com/itm/rolex-explorer-214270-black-index-3-6-9-dial-2018-model-blue-lume-full-set-/133024675316
215,2019-04-19,3500.0,3500.0,pre-owned,Mechanical (Automatic),Stainless Steel,Stainless Steel,Rolex Datejust,FixedPrice,2019-01-31,http://www.ebay.com/itm/rolex-datejust-36mm-16014-white-roman-silver-stainless-steel-jubilee-watch-/292941928880
217,2019-04-19,3548.0,3548.0,pre-owned,Mechanical (Automatic),"18K Yellow Gold, 18K Gold, Yellow Gold, Gold, Stainless Steel","Stainless Steel, Yellow Gold",Rolex Datejust,StoreInventory,2018-02-27,http://www.ebay.com/itm/womens-rolex-datejust-26mm-mother-pearl-diamond-numerals-18k-ss-/112840524552
219,2019-04-19,5000.0,5000.0,pre-owned,Mechanical (Automatic),Stainless Steel,Two-Tone: Stainless Steel & 18k Yellow Gold,Rolex Datejust,StoreInventory,2019-04-19,http://www.ebay.com/itm/rolex-mens-datejust-18k-ss-black-diamond-jubilee-quickset-16233-/192893788105
220,2019-04-19,5250.0,5250.0,pre-owned,Mechanical: Automatic,Stainless Steel,Two-Tone: Stainless Steel & 18k Yellow Gold,Rolex Datejust,StoreInventory,2019-04-19,http://www.ebay.com/itm/rolex-mens-datejust-18k-ss-black-diamond-jubilee-quickset-16233-w-papers-/183780723956
222,2019-04-19,3200.0,3200.0,pre-owned,Mechanical (Automatic),Stainless Steel,Stainless Steel,Rolex Datejust,StoreInventory,2018-10-08,http://www.ebay.com/itm/rolex-datejust-stainless-steel-men-watch-w-silver-dial-/323489768081
224,2019-04-19,9025.0,9000.0,pre-owned,Mechanical: Automatic,Stainless Steel,Stainless Steel,GMT-Master II 116710,FixedPrice,2019-04-19,http://www.ebay.com/itm/2007-rolex-gmt-master-ii-stainless-black-ceramic-116710-n-ln-40mm-date-watch-/372655654314
225,2019-04-19,5000.0,5000.0,new without tags,Mechanical (Automatic),Stainless Steel,"Rolex Stainless Steel Oyster, Stainless Steel",Rolex Submariner,FixedPrice,2019-04-17,http://www.ebay.com/itm/new-rolex-blue-face-mens-submariner-stainless-steel-40mm-custom-dial-wristwatch-/153454708715
230,2019-04-19,7943.0,7943.0,pre-owned,Mechanical (Automatic),Stainless Steel,Stainless Steel,Submariner,FixedPrice,2019-04-15,http://www.ebay.com/itm/rolex-submariner-auto-40mm-steel-mens-oyster-bracelet-watch-date-116610ln-/293050365283
231,2019-04-19,3093.0,3093.0,pre-owned,Mechanical (Automatic),Stainless Steel,Stainless Steel,OYSTER PERPETUAL,FixedPrice,2018-11-09,http://www.ebay.com/itm/2008-ladies-rolex-oyster-perpetual-pink-salmon-index-31mm-oyster-177200-watch-/273552425492
232,2019-04-19,9800.0,9800.0,pre-owned,Mechanical (Automatic),Stainless Steel,Stainless Steel,Datejust,FixedPrice,2019-04-05,http://www.ebay.com/itm/rolex-datejust-41-auto-steel-yellow-gold-mens-jubilee-bracelet-watch-126333-/283442313577
233,2019-04-19,5300.0,5300.0,pre-owned,Mechanical (Automatic),Stainless Steel,Stainless Steel,Rolex Datejust,StoreInventory,2017-11-27,http://www.ebay.com/itm/2016-rolex-datejust-lady-31-pink-dial-stainless-jubilee-automatic-watch-w-box-/312012247631
234,2019-04-19,4925.0,4900.0,new with tags,Quartz (Solar Powered),"Stainless Steel, PVD Coated","Genuine Leather, Faux Leather, Fabric/Canvas",Citizen Eco-Drive,FixedPrice,2019-04-05,http://www.ebay.com/itm/rolex-datejust-116200-stainless-mens-blue-roman-dial-2019-nwt-and-box-/133014287987
235,2019-04-19,4700.0,4700.0,pre-owned,Mechanical (Automatic),Stainless Steel,Stainless Steel,Rolex Explorer,FixedPrice,2019-04-12,http://www.ebay.com/itm/rolex-explorer-ii-16570-oyster-automatic-wristwatch-men-white-face-dial-/143212545315
238,2019-04-19,4050.0,4050.0,new with tags,Mechanical (Automatic),Stainless Steel,Stainless Steel,Rolex Deepsea,Auction,2019-04-19,http://www.ebay.com/itm/rolex-deepsea-sea-dweller-116660-stainless-steel-automatic-mens-watch-/273812786095
239,2019-04-19,4100.0,4000.0,pre-owned,Mechanical (Automatic),Solid Gold,Solid Gold,Rolex President,FixedPrice,2019-04-10,http://www.ebay.com/itm/rolex-ladies-oyster-perpetual-datejust-18k-gold-watch-box-69178-/202650297425
241,2019-04-19,7216.0,7188.0,pre-owned,Mechanical (Automatic),Gold,Leather,Rolex Oyster Perpetual,Auction,2019-04-12,http://www.ebay.com/itm/rolex-19018n-18k-oysterquartz-day-date-mens-watch-w-box-recently-overhauled-/392275025606
242,2019-04-19,7101.0,7101.0,pre-owned,Mechanical (Automatic),Stainless Steel,Stainless Steel,Rolex Submariner,Auction,2019-04-09,http://www.ebay.com/itm/rolex-submariner-date-16610-2005-boxes-and-papers-no-reserve-/202649240186
243,2019-04-19,10415.0,10400.0,pre-owned,Mechanical (Automatic),Stainless Steel,Stainless Steel,Rolex Submariner,Auction,2019-04-12,http://www.ebay.com/itm/rolex-submariner-5513-meters-first-stunning-original-dial-must-see-1967-beauty-/254197099241
253,2019-04-18,7090.0,7090.0,pre-owned,Mechanical (Automatic),Stainless Steel,Two-Tone: Stainless Steel & 18k Yellow Gold,Rolex Submariner,Auction,2019-04-15,http://www.ebay.com/itm/rolex-submariner-date-blue-stainless-and-18k-yellow-gold-model-16613-/153452936036
254,2019-04-18,3039.0,3000.0,pre-owned,Mechanical (Automatic),Stainless Steel,Two-Tone: Stainless Steel & 10k Yellow Gold,Rolex Datejust,StoreInventory,2018-12-21,http://www.ebay.com/itm/rolex-datejust-69173-added-diamond-dial-18k-gold-steel-26mm-watch-1991-/173702024275
255,2019-04-18,5393.0,5393.0,pre-owned,Mechanical (Automatic),Stainless Steel,Stainless Steel,Rolex Explorer II,FixedPrice,2019-03-30,http://www.ebay.com/itm/2001-mens-rolex-explorer-ii-16570-stainless-polar-white-date-gmt-40mm-watch-sel-/264261731693
256,2019-04-18,6500.0,6500.0,pre-owned,Mechanical (Automatic),Stainless Steel,Steel,GMT Master,Auction,2019-04-19,http://www.ebay.com/itm/rolex-5513-meters-first-all-original-runs-and-keeps-time-/173877105190
257,2019-04-18,6794.0,6794.0,pre-owned,Mechanical (Automatic),Stainless Steel,Stainless Steel,Rolex Submariner,FixedPrice,2019-03-16,http://www.ebay.com/itm/2003-unpolished-rolex-submariner-date-stainless-lume-40mm-black-sel-16610-watch-/153418289921
258,2019-04-18,3383.0,3383.0,pre-owned,Mechanical (Automatic),Gold,Leather,Rolex Oyster Perpetual,Auction,2019-04-13,http://www.ebay.com/itm/rolex-mens-steel-18k-diamond-oyster-perpetual-16233-datejust-36mm-watch-7-/233194290276
259,2019-04-18,11200.0,11100.0,pre-owned,Mechanical: Automatic,Stainless Steel,Stainless Steel,GMT Master 1675,Auction,2019-04-11,http://www.ebay.com/itm/1970s-rolex-gmt-master-1675-mark-2-5-lemrich-dial-stainless-steel-pilot-watch-/202651329558
261,2019-04-18,9943.0,9943.0,pre-owned,Mechanical (Automatic),Stainless Steel,Stainless Steel,Rolex GMT Master II,FixedPrice,2018-11-16,http://www.ebay.com/itm/mint-2005-no-holes-rolex-gmt-master-ii-stainless-black-red-16710-40mm-watch-/264044163174
263,2019-04-18,3374.0,3374.0,pre-owned,Mechanical (Automatic),Stainless Steel,Stainless Steel,Rolex Datejust,FixedPrice,2019-04-10,http://www.ebay.com/itm/mint-rolex-datejust-16014-36mm-18k-gold-stainless-steel-silver-tuxedo-jubilee-/264277937354
267,2019-04-18,6250.0,6250.0,pre-owned,Mechanical (Automatic),Stainless Steel,Stainless Steel,Submariner,FixedPrice,2018-10-21,http://www.ebay.com/itm/rolex-submariner-16800-stainless-steel-black-dial-1984-40mm-watch-/332849197438
268,2019-04-18,5199.0,5199.0,seller refurbished,Mechanical (Automatic),Stainless Steel,Genuine Leather,Rolex Datejust,FixedPrice,2018-11-25,http://www.ebay.com/itm/rolex-oyster-date-6694-mickey-mouse-wrist-watch-men-used-very-rare-authentic-f-s-/143027911733
269,2019-04-18,4514.0,4495.0,pre-owned,Automatic,Stainless Steel,Silver,Rolex Oyster Perpetual,StoreInventory,2018-09-28,http://www.ebay.com/itm/rolex-oyster-perpetual-datejust-wristwatch-18kwg-bezel-black-dial-ss-12k-value-/192673205598
272,2019-04-18,3149.0,3138.0,pre-owned,Mechanical (Automatic),Stainless Steel,Stainless Steel,Rolex Oyster Perpetual,Auction,2019-04-11,http://www.ebay.com/itm/1950s-18k-rolex-oyster-perpetual-precision-watch-6085-bubble-back-parts-/372649842737
273,2019-04-18,5500.0,5500.0,pre-owned,Automatic,"Solid Gold, Rose Gold",Rose Gold,Rolex Lady-Datejust,StoreInventory,2019-04-09,http://www.ebay.com/itm/rolex-genuine-18k-yellow-gold-president-bracelet-18238-fits-all-36mm-day-date-/264276595638
276,2019-04-18,6293.0,6293.0,pre-owned,Mechanical (Automatic),Stainless Steel,Stainless Steel,Rolex Submariner,FixedPrice,2019-03-16,http://www.ebay.com/itm/2002-rolex-submariner-no-date-k-serial-14060-m-stainless-black-dive-40mm-watch-/273764464685
277,2019-04-18,3114.0,3100.0,pre-owned,Mechanical (Automatic),Stainless Steel,Stainless Steel,Rolex Datejust,Auction,2019-04-08,http://www.ebay.com/itm/rolex-oyster-perpetual-datejust-chronometer-34mm-mens-16234-wrist-watch-5105-/333145659124
279,2019-04-17,5750.0,5750.0,new with tags,Mechanical (Automatic),Stainless Steel,Genuine Leather,Rolex Datejust,FixedPrice,2019-04-11,http://www.ebay.com/itm/rolex-datejust-116200-black-dial-wrist-watch-men-brand-new-box-never-worn-/293044752290
280,2019-04-17,4750.0,4750.0,pre-owned,Mechanical (Automatic),Stainless Steel,Stainless Steel,Rolex Explorer,FixedPrice,2019-04-17,http://www.ebay.com/itm/rolex-explorer-ii-16570-polar-white-just-serviced-overnight-shipping-/254202761247
285,2019-04-17,9500.0,9500.0,pre-owned,Swiss Automatic,Solid Gold,18K Gold,President - 1803,Auction,2019-04-17,http://www.ebay.com/itm/18k-mens-rolex-president-day-date-/223486211587
287,2019-04-17,8500.0,8500.0,pre-owned,Mechanical (Automatic),Solid Gold,Solid Gold,Rolex President,FixedPrice,2019-03-19,http://www.ebay.com/itm/mens-18k-rolex-presidential-1803-/153421597299
289,2019-04-17,7000.0,7000.0,pre-owned,Mechanical (Automatic),"Stainless Steel, Gold","Stainless Steel, Gold",Rolex Submariner,StoreInventory,2019-04-17,http://www.ebay.com/itm/rolex-submariner-16803-blue-serti-diamond-sapphire-two-tone-gold-watch-16613-/382906944550
290,2019-04-17,5499.0,5499.0,pre-owned,Mechanical (Automatic),Stainless Steel & 18K Gold,Stainless Steel & 18K Gold,Date,StoreInventory,2019-03-13,http://www.ebay.com/itm/rolex-explorer-ii-16520-ss-automatic-mens-watch-w-date-u-serial-/233166191368
291,2019-04-17,7900.0,7900.0,pre-owned,Mechanical (Automatic),Stainless Steel,"Stainless Steel, Yellow Gold",Rolex Datejust,FixedPrice,2019-04-17,http://www.ebay.com/itm/rolex-datejust-36mm-stainleess-steel-18k-yellow-gold-black-roman-dial-116233-/113721420110
293,2019-04-17,6650.0,6500.0,pre-owned,Automatic,Stainless Steel,Stainless Steel,Rolex Datejust,FixedPrice,2019-04-16,http://www.ebay.com/itm/2013-stainless-steel-18k-yellow-gold-rolex-datejust-116203-box-and-papers-/303128269706
294,2019-04-17,5500.0,5500.0,pre-owned,Mechanical (Automatic),Solid Gold,Solid Gold,Rolex President,StoreInventory,2019-04-14,http://www.ebay.com/itm/rolex-day-date-president-18038-mens-wrist-watch-18k-single-quickset-box-booklet-/223482699632
295,2019-04-17,5300.0,5300.0,pre-owned,Automatic,Gold,904L stainless Steel,Datejust,Auction,2019-04-10,http://www.ebay.com/itm/rolex-datejust-smooth-bezel-black-dial-and-stainless-steel-band-/273801617728
296,2019-04-17,7500.0,7500.0,pre-owned,Automatic,Stainless Steel,"18K Yellow Gold, Stainless Steel",Rolex GMT-Master,StoreInventory,2018-02-22,http://www.ebay.com/itm/vintage-rolex-gmt-master-16753-18k-yg-steel-black-bezel-black-nipple-dial-w-box-/273081104001
300,2019-04-17,8895.0,8895.0,new with tags,Mechanical (Automatic),"Stainless Steel, Gold",Stainless Steel,Rolex Datejust 41,StoreInventory,2018-09-13,http://www.ebay.com/itm/rolex-datejust-41mm-126334-silver-index-dial-2018-model-unused-papers-/183431880993
301,2019-04-17,6300.0,6250.0,pre-owned,Mechanical (Automatic),Solid Gold,Solid Gold,Rolex President,Auction,2019-04-10,http://www.ebay.com/itm/rolex-ladies-presidential-datejust-18k-solid-gold-quick-set-/173869054569
302,2019-04-17,4310.0,4300.0,pre-owned,Mechanical (Automatic),Solid Gold,Solid Gold,Rolex President,StoreInventory,2019-04-12,http://www.ebay.com/itm/lovely-18k-yellow-gold-ladies-rolex-6917-diamonds-fits-7-wrist-x77-/153449278293
303,2019-04-17,8550.0,8500.0,pre-owned,Mechanical (Automatic),Stainless Steel,"18K Yellow Gold, Stainless Steel, Yellow Gold",Rolex GMT-Master II,StoreInventory,2019-02-01,http://www.ebay.com/itm/rolex-gmt-master-ii-16713-18k-yellow-gold-stainless-steel-black-dial-box-paper-/153360993970
304,2019-04-17,5900.0,5900.0,pre-owned,Mechanical (Automatic),Stainless Steel,Stainless Steel,Rolex Submariner,FixedPrice,2019-04-13,http://www.ebay.com/itm/rolex-submariner-14060-no-date-stainless-steel-rare-original-complete-set-/183773188226
305,2019-04-17,5350.0,5350.0,pre-owned,Mechanical (Automatic),Stainless Steel,Stainless Steel,Rolex Explorer II,StoreInventory,2019-03-30,http://www.ebay.com/itm/2000s-mens-rolex-stainless-steel-explorer-ii-watch-40mm-sel-oyster-black-16570-/113702664695
307,2019-04-17,6000.0,6000.0,pre-owned,Mechanical (Automatic),Stainless Steel,Stainless Steel,Rolex Submariner,StoreInventory,2019-04-17,http://www.ebay.com/itm/1991-40mm-rolex-submariner-16610-stainless-steel-automatic-mens-watch-/153454675845
309,2019-04-17,7495.0,7495.0,new with tags,Automatic,Stainless Steel,Stainless Steel,Rolex Datejust,StoreInventory,2019-04-04,http://www.ebay.com/itm/brand-new-rolex-datejust-116234-stainless-18k-gold-blue-dial-box-papers-2018-/273793324646
310,2019-04-17,7000.0,7000.0,pre-owned,Mechanical (Automatic),Stainless Steel,Stainless Steel,Rolex Explorer II,FixedPrice,2019-04-16,http://www.ebay.com/itm/rolex-explorer-ii-216570-box-papers-full-bracelet-flawless-1yr-warranty-/233199987262
312,2019-04-17,3000.0,3000.0,pre-owned,Mechanical (Automatic),"18K Yellow Gold, 18K Gold, Yellow Gold, Gold, Stainless Steel","Stainless Steel, Yellow Gold",Rolex Datejust,Auction,2019-04-17,http://www.ebay.com/itm/womens-2007-rolex-datejust-26mm-ss-mother-pearl-roman-numeral-dial-/283454513157
314,2019-04-17,3895.0,3870.0,pre-owned,Mechanical (Automatic),Solid Gold,Solid Gold,Rolex President,Auction,2019-04-10,http://www.ebay.com/itm/rolex-datejust-wristwatch-ladies-18k-gold-diamond-ruby-bezel-2008-must-see-/264276730177
316,2019-04-17,7126.0,7101.0,pre-owned,Mechanical (Automatic),Stainless Steel,Stainless Steel,Rolex Submariner,Auction,2019-04-10,http://www.ebay.com/itm/rolex-submariner-watch-ref-16800-cal-3035-all-original-dial-box-papers-2-yw-/254194958796
317,2019-04-17,11016.0,10988.0,pre-owned,Mechanical (Automatic),Stainless Steel,Stainless Steel,Rolex Submariner,Auction,2019-04-10,http://www.ebay.com/itm/rolex-submariner-5513-watch-stainless-steel-1967-meters-first-papers-must-see-/254194955563
318,2019-04-17,11827.0,11800.0,pre-owned,Mechanical (Automatic),Solid Gold,Solid Gold,Rolex President,Auction,2019-04-10,http://www.ebay.com/itm/rolex-president-day-date-18338-double-quick-set-diamond-lugs-original-mop-dial-/264276718888
320,2019-04-17,4999.0,4999.0,pre-owned,Mechanical (Automatic),Stainless Steel,"18k Yellow Gold, Stainless Steel",Rolex Datejust,FixedPrice,2019-04-17,http://www.ebay.com/itm/rolex-mens-datejust-two-tone-36mm-mother-pearl-diamond-dial-fluted-bezel-/123737931921
321,2019-04-16,6015.0,5995.0,pre-owned,Mechanical (Automatic),Stainless Steel,Stainless Steel,Rolex Oysterdate,FixedPrice,2019-04-16,http://www.ebay.com/itm/mens-rolex-oyster-date-just-white-face-roman-digits-pristine-condition-/323780293476
322,2019-04-16,4950.0,4950.0,pre-owned,Mechanical (Automatic),Stainless Steel,Stainless Steel,DateJust,FixedPrice,2019-04-15,http://www.ebay.com/itm/mens-rolex-diamond-datejust-1-9-ct-diamond-bezel-and-roman-bleu-dial-exquisite-/143215833621
326,2019-04-16,7999.0,7999.0,pre-owned,Mechanical (Automatic),Stainless Steel,Two-Tone: Stainless Steel & 18k Yellow Gold,Rolex Submariner,FixedPrice,2019-04-04,http://www.ebay.com/itm/papers-mint-rolex-submariner-16613-two-tone-steel-18k-gold-blue-dial-dive-watch-/283441305355
329,2019-04-16,4555.0,4555.0,pre-owned,Mechanical (Automatic),Stainless Steel,Stainless Steel,Rolex Datejust,Auction,2019-04-09,http://www.ebay.com/itm/rolex-oyster-perpetual-39-114300-black-smooth-steel-39mm-/192885684410
332,2019-04-16,6800.0,6750.0,pre-owned,Mechanical (Automatic),Stainless Steel,Stainless Steel,Milgaus,FixedPrice,2019-04-16,http://www.ebay.com/itm/rolex-milgauss-116400gv-z-blue-/264286297618
333,2019-04-16,4899.0,4899.0,pre-owned,Mechanical (Automatic),Stainless Steel,Stainless Steel,Rolex Datejust,FixedPrice,2018-03-22,http://www.ebay.com/itm/rolex-mens-datejust-watch-s-steel-18k-white-gold-green-diamond-emerald-dial-/253512648954
334,2019-04-16,4750.0,4750.0,pre-owned,Mechanical (Automatic),Solid Gold,Solid Gold,Rolex President,Auction,2019-04-11,http://www.ebay.com/itm/rolex-mens-18k-president-1803-day-date-watch-w-generic-strap-c-1969-/392274971392
337,2019-04-16,5010.0,5000.0,pre-owned,Quartz (Battery),Gold,White Gold,Rolex Cellini,FixedPrice,2018-12-06,http://www.ebay.com/itm/rolex-ref-6623-cellini-18k-yellow-gold-quartz-mesh-bracelet-wristwatch-36-mm-/254014968872
338,2019-04-16,3820.0,3800.0,pre-owned,Mechanical (Automatic),Stainless Steel,Two-Tone: Stainless Steel & 18k Yellow Gold,Rolex Datejust,StoreInventory,2019-02-21,http://www.ebay.com/itm/rolex-datejust-36mm-ref-16234-/153389575194
341,2019-04-16,7992.0,7992.0,pre-owned,Automatic,"Solid Gold, Rose Gold",Rose Gold,Rolex Lady-Datejust,FixedPrice,2019-04-15,http://www.ebay.com/itm/mint-rolex-datejust-36mm-16018-18k-yellow-gold-mop-diamond-president-watch-/303127083351
343,2019-04-16,9200.0,9200.0,pre-owned,Mechanical (Automatic),Solid Gold,Solid Gold,Rolex President,FixedPrice,2019-03-06,http://www.ebay.com/itm/rolex-18k-yellow-gold-36mm-day-date-president-1803-box-vintage-warranty-papers-/233156670951
345,2019-04-16,9500.0,9500.0,pre-owned,Automatic Self Wind,"Platinum, Stainless Steel",Platinum,Rolex Yacht-Master,FixedPrice,2019-04-15,http://www.ebay.com/itm/rolex-steel-platinum-yacht-master-37mm-dark-rhodium-blue-dial-/254200945654
346,2019-04-16,4100.0,4100.0,pre-owned,Mechanical (Hand-winding),Stainless Steel,GOLD/STAINLESS,OYSTER PREPETUAL DATE,FixedPrice,2019-04-01,http://www.ebay.com/itm/rolex-datejust-oyster-perpetual-chronometer-1601-4-1-automatic-watch-excellent-/283438012358
347,2019-04-16,3500.0,3500.0,pre-owned,Mechanical (Automatic),Stainless Steel,"Gold, Steel",Datejust,FixedPrice,2019-03-28,http://www.ebay.com/itm/rolex-turn-o-graph-thunderbird-two-tone-1625-/382868841591
349,2019-04-16,5800.0,5800.0,pre-owned,Mechanical (Automatic),Stainless Steel,Stainless Steel,Rolex Datejust,FixedPrice,2019-04-16,http://www.ebay.com/itm/rolex-datejust-mens-stainless-steel-18k-white-gold-black-watch-jubilee-1601-/153453278240
354,2019-04-16,5850.0,5850.0,pre-owned,Mechanical (Automatic),Stainless Steel,Stainless Steel,Rolex Explorer II,StoreInventory,2018-11-13,http://www.ebay.com/itm/rolex-explorer-ii-40mm-16570-stainless-steel-black-dial-w-box-papers-tags-/264038646482
359,2019-04-16,3054.0,3054.0,pre-owned,Mechanical (Automatic),"18K White Gold Bezel, Stainless Steel",Stainless/18K Gold,Yachtmaster 169623,Auction,2019-04-09,http://www.ebay.com/itm/2007-rolex-air-king-114234-white-gold-fluted-bezel-35mm-unisex-cal-3130-/273798883409
360,2019-04-16,11063.0,11000.0,pre-owned,Mechanical (Automatic),Stainless Steel,Stainless Steel,Rolex Submariner,FixedPrice,2018-12-30,http://www.ebay.com/itm/rolex-116520-cosmograph-daytona-ss-white-dial-random-serial-rare-mens-watch-/372551718400
362,2019-04-16,4735.0,4700.0,pre-owned,Mechanical (Automatic),Stainless Steel,Stainless Steel,Rolex Yacht-Master,Auction,2019-04-09,http://www.ebay.com/itm/rolex-yachtmaster-platinum-bezel-and-dial-/192885079129
363,2019-04-16,11055.0,11000.0,pre-owned,Mechanical: Automatic,Stainless Steel,Stainless Steel,116710BLNR,Auction,2019-04-06,http://www.ebay.com/itm/rolex-gmt-master-6542-bakelite-bezel-running-great-mint-no-reserve-/173863961102
364,2019-04-16,3800.0,3800.0,pre-owned,Mechanical (Automatic),Stainless Steel,Genuine Leather,Rolex Datejust,FixedPrice,2019-03-27,http://www.ebay.com/itm/rolex-16233-datejust-18k-yellow-gold-stainless-steel-w-black-dial-mens-watch-/333133915138
368,2019-04-15,10738.0,10688.0,pre-owned,Mechanical (Automatic),Stainless Steel,Stainless Steel,Rolex Datejust,Auction,2019-04-05,http://www.ebay.com/itm/vintage-rolex-milgauss-ref-1019-serial-1-5-million-first-generation-/153441555529
370,2019-04-15,6875.0,6800.0,pre-owned,Mechanical (Automatic),"Stainless Steel, Solid Gold",Stainless Steel,Rolex GMT-Master,StoreInventory,2018-11-26,http://www.ebay.com/itm/vintage-rolex-gmt-master-16753-18k-y-g-s-s-custom-diamonds-box-only-/153278693409
372,2019-04-15,4900.0,4850.0,pre-owned,Mechanical (Automatic),"Silver, Stainless Steel",Stainless Steel,Rolex Oyster Perpetual,Auction,2019-04-08,http://www.ebay.com/itm/rolex-oyster-perpetual-datejust-ref-116234-steel-gold-wristwatch-/303120947097
375,2019-04-15,3875.0,3875.0,pre-owned,Mechanical (Automatic),Stainless Steel,Stainless Steel,Rolex Air-King,StoreInventory,2019-02-20,http://www.ebay.com/itm/rolex-mens-oyster-5500-air-king-precision-automatic-c-1969-all-original-lv755-/254133333431
376,2019-04-15,7000.0,7000.0,pre-owned,Mechanical (Automatic),Stainless Steel,Stainless Steel,Rolex Explorer II,FixedPrice,2019-04-15,http://www.ebay.com/itm/rolex-explorer-ii-16570-stainless-steel-white-polar-date-gmt-oyster-watch-/293050359936
378,2019-04-15,5049.0,5049.0,pre-owned,Mechanical (Automatic),Stainless Steel,Genuine Leather,Rolex Date,Auction,2019-04-14,http://www.ebay.com/itm/rolex-submariner-date-16610-black-dial-stainless-steel-nato-band-no-box-paper-/333157434146
381,2019-04-15,4250.0,4250.0,pre-owned,Mechanical (Automatic),Stainless Steel,Stainless Steel,Rolex Explorer,FixedPrice,2019-04-15,http://www.ebay.com/itm/2005-rolex-explorer-1-ref-114270-stainless-steel-/264284812726
384,2019-04-15,6195.0,6195.0,pre-owned,Mechanical (Automatic),Stainless Steel,Stainless Steel,Rolex Submariner,FixedPrice,2019-04-15,http://www.ebay.com/itm/rolex-submariner-date-black-dial-bezel-oyster-stainless-steel-t-serial-16610-/143215854839
385,2019-04-15,3532.0,3500.0,pre-owned,Mechanical (Automatic),18K Gold,18K Gold,Rolex Day-Date,Auction,2019-04-09,http://www.ebay.com/itm/rolex-1803-president-day-date-yg-claw-dial-swiss-only-1961-/293042107674
386,2019-04-15,8750.0,8750.0,new with tags,Mechanical (Automatic),Stainless Steel,Stainless Steel,Rolex Yacht-Master,StoreInventory,2019-03-31,http://www.ebay.com/itm/rolex-yachtmaster-168622-midsize-steel-platinum-dial-oyster-bracelet-/173857925899
387,2019-04-15,7900.0,7900.0,pre-owned,Automatic,"18K Yellow Gold, Stainless Steel","Stainless, 18K Yellow Gold",Rolex Datejust,FixedPrice,2019-04-15,http://www.ebay.com/itm/rolex-datejust-36mm-stainleess-steel-18k-yellow-gold-black-roman-dial-116233-/113719354226
388,2019-04-15,10045.0,10045.0,new with tags,Swiss Automatic,Stainless Steel,Two Tone Stainless Steel,Datejust,FixedPrice,2018-11-02,http://www.ebay.com/itm/rolex-new-yacht-master-268622-37mm-steel-platinum-2018-box-paper-2yrwty-rl424-/183516218783
389,2019-04-15,4000.0,4000.0,pre-owned,Mechanical (Automatic),"Solid Gold, Stainless Steel",Genuine Leather,Rolex Datejust,Auction,2019-04-08,http://www.ebay.com/itm/rolex-oyster-perpetual-datejust-diamonds-watch-/401745678738
393,2019-04-15,6000.0,6000.0,pre-owned,Mechanical (Automatic),14K Gold,14k Yellow Gold,Rolex Date,StoreInventory,2018-12-16,http://www.ebay.com/itm/rolex-date-jubilee-14k-solid-yellow-gold-15037-quick-set-mens-watch-champagne-/292873922137
394,2019-04-15,9000.0,9000.0,pre-owned,Mechanical (Automatic),Stainless Steel,Stainless Steel,Rolex GMT-Master,StoreInventory,2019-03-27,http://www.ebay.com/itm/rolex-gmt-master-red-blue-pepsi-16700-box-papers-/264257651415
397,2019-04-15,5022.0,4975.0,pre-owned,Mechanical (Automatic),Stainless Steel,Stainless Steel,Explorer,FixedPrice,2019-04-14,http://www.ebay.com/itm/1999-rolex-explorer-ii-16570-40mm-polar-dial-/143215222055
398,2019-04-15,9503.0,9500.0,pre-owned,Mechanical (Automatic),Gold,Yellow Gold,Rolex Oyster Perpetual,StoreInventory,2019-02-25,http://www.ebay.com/itm/man-rolex-18k-white-gold-oyster-perpetual-day-date-comes-box-papers-/202608116972
399,2019-04-15,4232.0,4200.0,pre-owned,Mechanical (Automatic),Stainless Steel,Two-Tone: Stainless Steel & 18k Yellow Gold,Rolex Datejust,StoreInventory,2018-10-26,http://www.ebay.com/itm/rolex-datejust-gold-steel-diamond-set-gents-size-mint-condition-ref-16233-/153233467051
