total,price,condition,MPN,movement,case_material,band_material,model,listing_type,deal_type
8544,8544,pre-owned,1803,Automatic,18k Gold,Leather,President,FixedPrice,Good deal
10994,10994,pre-owned,116710,Automatic,Stainless Steel,Stainless Steel,GMT-Master,FixedPrice,Bad deal
11520,11500,pre-owned,1601,Automatic,Stainless Steel,Stainless Steel,Datejust,StoreInventory,Bad deal
9495,9495,pre-owned,16713,Automatic,Stainless Steel,18k Gold,GMT-Master,FixedPrice,Bad deal
7835,7795,pre-owned,16613,Automatic,Stainless Steel,Two Tone 18k Gold,Submariner,StoreInventory,Bad deal
4300,4300,pre-owned,116000,Automatic,Stainless Steel,Stainless Steel,Oysterdate,FixedPrice,Good deal
4789,4750,pre-owned,78240,Automatic,Stainless Steel,Stainless Steel,Datejust,Auction,Bad deal
7000,7000,pre-owned,18238,Automatic,18k Gold,18k Gold,President,StoreInventory,Good deal
6278,6278,pre-owned,116300,Automatic,Stainless Steel,Stainless Steel,Datejust,FixedPrice,Bad deal
4750,4750,pre-owned,1601,Automatic,Stainless Steel,Stainless Steel,Datejust,StoreInventory,Bad deal
6995,6995,pre-owned,16610,Automatic,Stainless Steel,Stainless Steel,Submariner,StoreInventory,Bad deal
3130,3100,pre-owned,1500,Automatic,Stainless Steel,Leather,Datejust,StoreInventory,Bad deal
5675,5600,pre-owned,6305,Automatic,18k Gold,Leather,Oysterdate,FixedPrice,Bad deal
11500,11500,pre-owned,116660,Automatic,Stainless Steel,Stainless Steel,Sea-Dweller,FixedPrice,Bad deal
9500,9500,pre-owned,116610,Automatic,Stainless Steel,Stainless Steel,Submariner,StoreInventory,Bad deal
8000,8000,pre-owned,1603,Automatic,Stainless Steel,Stainless Steel,Datejust,StoreInventory,Bad deal
4576,4500,pre-owned,1601,Automatic,Stainless Steel,Stainless Steel,Datejust,FixedPrice,Bad deal
6500,6500,pre-owned,16610,Automatic,Stainless Steel,Stainless Steel,Submariner,StoreInventory,Good deal
8855,8800,pre-owned,116610,Automatic,Stainless Steel,Stainless Steel,Submariner,StoreInventory,Bad deal
10600,10600,pre-owned,16013,Automatic,18k Gold,18k Gold,Datejust,FixedPrice,Bad deal
3400,3400,pre-owned,1601,Automatic,Stainless Steel,Stainless Steel,Datejust,StoreInventory,Bad deal
5500,5500,pre-owned,68273,Automatic,Stainless Steel,Stainless Steel,Datejust,StoreInventory,Bad deal
6528,6478,pre-owned,16610,Automatic,Stainless Steel,Stainless Steel,Submariner,StoreInventory,Good deal
8900,8900,pre-owned,116610,Automatic,Stainless Steel,Stainless Steel,Submariner,StoreInventory,Bad deal
6250,6250,pre-owned,16610,Automatic,Stainless Steel,Stainless Steel,Submariner,StoreInventory,Good deal
11057,11057,pre-owned,1675,Automatic,Stainless Steel,Stainless Steel,GMT-Master,Auction,Bad deal
9000,8950,new without tags,116610,Automatic,Stainless Steel,Stainless Steel,Submariner,StoreInventory,Bad deal
3200,3200,pre-owned,1601,Automatic,Stainless Steel,Stainless Steel,Datejust,StoreInventory,Bad deal
8797,8797,pre-owned,116610,Automatic,Stainless Steel,Stainless Steel,Submariner,FixedPrice,Bad deal
5800,5800,pre-owned,69178,Automatic,18k Gold,18k Gold,Datejust,StoreInventory,Bad deal
3245,3200,pre-owned,1603,Automatic,Stainless Steel,Stainless Steel,Datejust,Auction,Bad deal
3350,3350,pre-owned,1601,Automatic,Stainless Steel,Leather,Datejust,Auction,Bad deal
8400,8400,pre-owned,116660,Automatic,Stainless Steel,Stainless Steel,Sea-Dweller,StoreInventory,Good deal
5800,5800,pre-owned,1500,Automatic,18k Gold,18k Gold,Datejust,StoreInventory,Bad deal
5500,5500,pre-owned,216570,Automatic,Stainless Steel,Stainless Steel,Explorer 2,FixedPrice,Good deal
5500,5500,new with tags,116300,Automatic,Stainless Steel,Stainless Steel,Datejust,StoreInventory,Good deal
5500,5500,pre-owned,16610,Automatic,Stainless Steel,Stainless Steel,Submariner,FixedPrice,Good deal
3888,3888,pre-owned,114200,Automatic,Stainless Steel,Stainless Steel,Air-King,FixedPrice,Good deal
6900,6900,pre-owned,16610,Automatic,Stainless Steel,Stainless Steel,Submariner,StoreInventory,Bad deal
11050,11000,pre-owned,1675,Automatic,Stainless Steel,Stainless Steel,GMT-Master,StoreInventory,Bad deal
7500,7500,pre-owned,16610,Automatic,Stainless Steel,Stainless Steel,Submariner,StoreInventory,Bad deal
9900,9800,pre-owned,116610,Automatic,Stainless Steel,Stainless Steel,Submariner,FixedPrice,Bad deal
5405,5375,new with tags,114300,Automatic,Stainless Steel,Stainless Steel,Oysterdate,StoreInventory,Bad deal
7869,7835,pre-owned,15037,Automatic,14k Gold,14k Gold,Datejust,StoreInventory,Bad deal
6975,6975,pre-owned,16613,Automatic,Stainless Steel,Two Tone 18k Gold,Submariner,FixedPrice,Good deal
7500,7500,pre-owned,1603,Automatic,Stainless Steel,Stainless Steel,Datejust,FixedPrice,Bad deal
7250,7250,pre-owned,16610,Automatic,Stainless Steel,Stainless Steel,Submariner,StoreInventory,Bad deal
3725,3700,pre-owned,6694,Automatic,Stainless Steel,Leather,Oysterdate,Auction,Bad deal
10700,10700,pre-owned,116613,Automatic,18k Gold,18k Gold,Submariner,Auction,Good deal
6500,6500,pre-owned,1601,Automatic,Stainless Steel,Stainless Steel,Datejust,FixedPrice,Bad deal
5523,5500,pre-owned,16610,Automatic,Stainless Steel,Stainless Steel,Submariner,StoreInventory,Good deal
3595,3595,pre-owned,1601,Automatic,Stainless Steel,Stainless Steel,Datejust,StoreInventory,Bad deal
3800,3800,new with tags,1601,Automatic,Stainless Steel,Stainless Steel,Datejust,Auction,Bad deal
6528,6478,pre-owned,16610,Automatic,Stainless Steel,Stainless Steel,Submariner,StoreInventory,Good deal
10570,10500,pre-owned,116710,Automatic,Stainless Steel,Stainless Steel,GMT-Master,StoreInventory,Bad deal
6800,6800,pre-owned,16610,Automatic,Stainless Steel,Stainless Steel,Submariner,StoreInventory,Good deal
10995,10995,pre-owned,16610,Automatic,Stainless Steel,Stainless Steel,Submariner,StoreInventory,Bad deal
10100,10100,pre-owned,1675,Automatic,Stainless Steel,Stainless Steel,GMT-Master,Auction,Bad deal
7805,7750,pre-owned,16610,Automatic,Stainless Steel,Stainless Steel,Submariner,StoreInventory,Bad deal
3894,3894,pre-owned,68273,Automatic,18k Gold,18k Gold,Datejust,FixedPrice,Bad deal
4000,4000,pre-owned,178240,Automatic,Stainless Steel,Stainless Steel,Datejust,StoreInventory,Good deal
6800,6800,pre-owned,69178,Automatic,18k Gold,18k Gold,Datejust,Auction,Bad deal
3887,3887,pre-owned,1601,Automatic,Stainless Steel,Stainless Steel,Datejust,StoreInventory,Bad deal
5700,5700,pre-owned,15037,Automatic,14k Gold,Alligator,Oysterdate,FixedPrice,Good deal
7500,7500,pre-owned,16610,Automatic,Stainless Steel,Stainless Steel,Submariner,StoreInventory,Bad deal
7800,7800,new with tags,16014,Automatic,Stainless Steel,Stainless Steel,Datejust,StoreInventory,Bad deal
8375,8300,pre-owned,18038,Automatic,18k Gold,Leather,President,FixedPrice,Good deal
9500,9500,seller refurbished,16710,Automatic,Stainless Steel,Stainless Steel,GMT-Master,FixedPrice,Bad deal
3080,3050,pre-owned,16610,Automatic,Stainless Steel,Stainless Steel,Submariner,Auction,Good deal
10000,10000,pre-owned,116334,Automatic,18k Gold,Stainless Steel,Datejust,StoreInventory,Bad deal
8400,8400,pre-owned,116660,Automatic,Stainless Steel,Stainless Steel,Sea-Dweller,StoreInventory,Good deal
5250,5200,pre-owned,114300,Automatic,Stainless Steel,Stainless Steel,Oysterdate,FixedPrice,Bad deal
5250,5200,new with tags,116900,Automatic,Stainless Steel,Stainless Steel,Air-King,FixedPrice,Good deal
6000,6000,pre-owned,1601,Automatic,Stainless Steel,Two Tone 10k Gold,Datejust,Auction,Bad deal
3265,3265,pre-owned,6517,Automatic,18k Gold,18k Gold,Datejust,FixedPrice,Good deal
4992,4992,pre-owned,1601,Automatic,Stainless Steel,Stainless Steel,Datejust,FixedPrice,Bad deal
9675,9675,pre-owned,116710,Automatic,Stainless Steel,Stainless Steel,GMT-Master,StoreInventory,Good deal
3725,3695,pre-owned,14000,Automatic,Stainless Steel,Stainless Steel,Air-King,FixedPrice,Bad deal
3510,3500,pre-owned,1601,Automatic,Stainless Steel,Stainless Steel,Datejust,FixedPrice,Bad deal
6200,6200,pre-owned,69178,Automatic,18k Gold,18k Gold,Datejust,StoreInventory,Bad deal
3101,3101,pre-owned,1603,Automatic,Stainless Steel,Stainless Steel,Datejust,Auction,Bad deal
3350,3350,pre-owned,1601,Automatic,Stainless Steel,Leather,Datejust,StoreInventory,Bad deal
5250,5200,pre-owned,114300,Automatic,Stainless Steel,Stainless Steel,Oysterdate,FixedPrice,Bad deal
7600,7600,pre-owned,16622,Automatic,Platinum,Stainless Steel,Yachmaster,StoreInventory,Bad deal
3400,3400,pre-owned,14000,Automatic,Stainless Steel,Stainless Steel,Air-King,StoreInventory,Good deal
3114,3095,pre-owned,1601,Automatic,18k Gold,Leather,Datejust,FixedPrice,Bad deal
5700,5700,pre-owned,214270,Automatic,Stainless Steel,Stainless Steel,Explorer,FixedPrice,Bad deal
3500,3500,pre-owned,1603,Automatic,Stainless Steel,Stainless Steel,Datejust,FixedPrice,Bad deal
3548,3548,pre-owned,69173,Automatic,18k Gold,18k Gold,Datejust,StoreInventory,Bad deal
3200,3200,pre-owned,1601,Automatic,Stainless Steel,Stainless Steel,Datejust,StoreInventory,Bad deal
9800,9800,pre-owned,126300,Automatic,Stainless Steel,Stainless Steel,Datejust,FixedPrice,Bad deal
7216,7188,pre-owned,6305,Automatic,18k Gold,Leather,Oysterdate,Auction,Bad deal
7101,7101,pre-owned,16610,Automatic,Stainless Steel,Stainless Steel,Submariner,Auction,Bad deal
10415,10400,pre-owned,16610,Automatic,Stainless Steel,Stainless Steel,Submariner,Auction,Bad deal
7090,7090,pre-owned,16613,Automatic,Stainless Steel,Two Tone 18k Gold,Submariner,Auction,Good deal
6500,6500,pre-owned,1675,Automatic,Stainless Steel,Stainless Steel,GMT-Master,Auction,Bad deal
6794,6794,pre-owned,16610,Automatic,Stainless Steel,Stainless Steel,Submariner,FixedPrice,Good deal
3383,3383,pre-owned,6305,Automatic,18k Gold,Leather,Oysterdate,Auction,Bad deal
3374,3374,pre-owned,16014,Automatic,Stainless Steel,Stainless Steel,Datejust,FixedPrice,Good deal
6250,6250,pre-owned,16800,Automatic,Stainless Steel,Stainless Steel,Submariner,FixedPrice,Bad deal
5199,5199,seller refurbished,1601,Automatic,Stainless Steel,Leather,Datejust,FixedPrice,Bad deal
5500,5500,pre-owned,18239,Automatic,18k Gold,18k Gold,President,StoreInventory,Good deal
8500,8500,pre-owned,1803,Automatic,18k Gold,18k Gold,President,FixedPrice,Good deal
7000,7000,pre-owned,16803,Automatic,18k Gold,18k Gold,Submariner,StoreInventory,Good deal
5499,5499,pre-owned,15003,Automatic,18k Gold,Two Tone 18k Gold,Datejust,StoreInventory,Bad deal
5500,5500,pre-owned,18038,Automatic,18k Gold,18k Gold,President,StoreInventory,Good deal
8895,8895,new with tags,126334,Automatic,18k Gold,Stainless Steel,Datejust,StoreInventory,Bad deal
8550,8500,pre-owned,16713,Automatic,Stainless Steel,18k Gold,GMT-Master,StoreInventory,Bad deal
5350,5350,pre-owned,16570,Automatic,Stainless Steel,Stainless Steel,Explorer 2,StoreInventory,Good deal
6000,6000,pre-owned,16610,Automatic,Stainless Steel,Stainless Steel,Submariner,StoreInventory,Good deal
3000,3000,pre-owned,69173,Automatic,18k Gold,18k Gold,Datejust,Auction,Bad deal
11016,10988,pre-owned,16610,Automatic,Stainless Steel,Stainless Steel,Submariner,Auction,Bad deal
4999,4999,pre-owned,16013,Automatic,Stainless Steel,18k Gold,Datejust,FixedPrice,Bad deal
4950,4950,pre-owned,1601,Automatic,Stainless Steel,Stainless Steel,Datejust,FixedPrice,Bad deal
6250,6250,pre-owned,16610,Automatic,Stainless Steel,Stainless Steel,Submariner,FixedPrice,Good deal
9400,9400,pre-owned,69178,Automatic,18k Gold,18k Gold,Datejust,FixedPrice,Bad deal
7999,7999,pre-owned,16613,Automatic,Stainless Steel,Two Tone 18k Gold,Submariner,FixedPrice,Bad deal
5300,5300,pre-owned,69178,Automatic,18k Gold,18k Gold,Datejust,StoreInventory,Bad deal
4555,4555,pre-owned,1601,Automatic,Stainless Steel,Stainless Steel,Datejust,Auction,Bad deal
5192,5192,pre-owned,114270,Automatic,Stainless Steel,Stainless Steel,Explorer,FixedPrice,Bad deal
4899,4899,pre-owned,1603,Automatic,Stainless Steel,Stainless Steel,Datejust,FixedPrice,Bad deal
3820,3800,pre-owned,69173,Automatic,Stainless Steel,Two Tone 18k Gold,Datejust,StoreInventory,Bad deal
7992,7992,pre-owned,6517,Automatic,18k Gold,18k Gold,Datejust,FixedPrice,Bad deal
9200,9200,pre-owned,1803,Automatic,18k Gold,18k Gold,President,FixedPrice,Bad deal
9500,9500,pre-owned,16622,Automatic,Platinum,Platinum,Yachmaster,FixedPrice,Bad deal
3500,3500,pre-owned,1625,Automatic,Stainless Steel,18k Gold,Datejust,FixedPrice,Good deal
7000,7000,pre-owned,116334,Automatic,Stainless Steel,Stainless Steel,Datejust,FixedPrice,Good deal
5800,5800,pre-owned,1601,Automatic,Stainless Steel,Stainless Steel,Datejust,FixedPrice,Bad deal
11063,11000,pre-owned,16610,Automatic,Stainless Steel,Stainless Steel,Submariner,FixedPrice,Bad deal
10738,10688,pre-owned,1601,Automatic,Stainless Steel,Stainless Steel,Datejust,Auction,Bad deal
5049,5049,pre-owned,1500,Automatic,Stainless Steel,Leather,Datejust,Auction,Bad deal
4250,4250,pre-owned,114270,Automatic,Stainless Steel,Stainless Steel,Explorer,FixedPrice,Good deal
6195,6195,pre-owned,16610,Automatic,Stainless Steel,Stainless Steel,Submariner,FixedPrice,Good deal
8750,8750,new with tags,168622,Automatic,Stainless Steel,Stainless Steel,Yachmaster,StoreInventory,Bad deal
7900,7900,pre-owned,116233,Automatic,Stainless Steel,18k Gold,Datejust,FixedPrice,Bad deal
4000,4000,pre-owned,69174,Automatic,18k Gold,18k Gold,Datejust,Auction,Bad deal
6900,6900,new without tags,116300,Automatic,Stainless Steel,Stainless Steel,Datejust,StoreInventory,Bad deal
5022,4975,pre-owned,16570,Automatic,Stainless Steel,Stainless Steel,Explorer,FixedPrice,Good deal
9503,9500,pre-owned,1803,Automatic,18k Gold,18k Gold,Oysterdate,StoreInventory,Bad deal
11493,11493,pre-owned,1675,Automatic,18k Gold,18k Gold,GMT-Master,FixedPrice,Bad deal
8450,8450,pre-owned,16610,Automatic,Stainless Steel,Stainless Steel,Submariner,FixedPrice,Bad deal
4099,4099,pre-owned,114270,Automatic,Stainless Steel,Stainless Steel,Explorer,FixedPrice,Good deal
10595,10595,new with tags,116610,Automatic,Stainless Steel,Stainless Steel,Submariner,StoreInventory,Bad deal
6890,6855,pre-owned,16610,Automatic,Stainless Steel,Stainless Steel,Submariner,Auction,Bad deal
4408,4392,pre-owned,16628,Automatic,18k Gold,18k Gold,Yachmaster,Auction,Good deal
10595,10595,new with tags,116610,Automatic,Stainless Steel,Stainless Steel,Submariner,StoreInventory,Bad deal
3050,3000,pre-owned,15210,Automatic,Stainless Steel,Leather,Datejust,FixedPrice,Good deal
3750,3750,pre-owned,1601,Automatic,Stainless Steel,Stainless Steel,Datejust,Auction,Bad deal
9950,9950,pre-owned,16613,Automatic,18k Gold,18k Gold,Submariner,StoreInventory,Bad deal
7500,7500,pre-owned,6305,Automatic,18k Gold,Leather,Oysterdate,Auction,Bad deal
11000,11000,new without tags,16013,Automatic,18k Gold,18k Gold,Datejust,StoreInventory,Bad deal
5678,5678,pre-owned,126334,Automatic,Stainless Steel,Stainless Steel,Datejust,Auction,Good deal
4635,4600,pre-owned,68274,Automatic,Stainless Steel,Stainless Steel,Datejust,StoreInventory,Bad deal
6000,6000,pre-owned,116234,Automatic,Stainless Steel,Stainless Steel,Datejust,FixedPrice,Bad deal
3500,3500,pre-owned,69173,Automatic,Stainless Steel,Two Tone 18k Gold,Datejust,Auction,Bad deal
11805,11750,pre-owned,16610,Automatic,Stainless Steel,Stainless Steel,Submariner,StoreInventory,Bad deal
3500,3500,pre-owned,69173,Automatic,Stainless Steel,Two Tone 10k Gold,Datejust,Auction,Bad deal
8150,8150,pre-owned,18038,Automatic,18k Gold,Leather,President,FixedPrice,Good deal
6100,6100,new with tags,178240,Automatic,Stainless Steel,Stainless Steel,Datejust,StoreInventory,Bad deal
3000,3000,pre-owned,16610,Automatic,Stainless Steel,Stainless Steel,Submariner,Auction,Good deal
5888,5888,pre-owned,69178,Automatic,18k Gold,18k Gold,Datejust,StoreInventory,Bad deal
3544,3499,pre-owned,114300,Automatic,Stainless Steel,Stainless Steel,Oysterdate,FixedPrice,Good deal
6000,6000,pre-owned,69178,Automatic,18k Gold,18k Gold,Datejust,StoreInventory,Bad deal
3305,3250,pre-owned,1601,Automatic,Stainless Steel,Two Tone 18k Gold,Datejust,StoreInventory,Bad deal
4301,4301,pre-owned,1603,Automatic,Stainless Steel,Stainless Steel,Datejust,Auction,Bad deal
6900,6900,pre-owned,1803,Automatic,18k Gold,18k Gold,President,FixedPrice,Good deal
3150,3150,pre-owned,16013,Automatic,Stainless Steel,18k Gold,Datejust,Auction,Good deal
3150,3150,pre-owned,16013,Automatic,Stainless Steel,18k Gold,Datejust,Auction,Good deal
5580,5500,pre-owned,16610,Automatic,Stainless Steel,Stainless Steel,Submariner,Auction,Good deal
3650,3650,pre-owned,16234,Automatic,Stainless Steel,Stainless Steel,Datejust,StoreInventory,Good deal
3600,3600,pre-owned,1601,Automatic,18k Gold,Two Tone 18k Gold,Datejust,Auction,Bad deal
5032,5000,pre-owned,69178,Automatic,18k Gold,18k Gold,Datejust,StoreInventory,Good deal
4565,4550,pre-owned,1601,Automatic,Stainless Steel,Stainless Steel,Datejust,Auction,Bad deal
6950,6950,pre-owned,16613,Automatic,Stainless Steel,Two Tone 18k Gold,Submariner,FixedPrice,Good deal
8950,8950,pre-owned,19018,Quartz,18k Gold,18k Gold,Datejust,StoreInventory,Bad deal
8340,8300,pre-owned,1675,Automatic,Stainless Steel,Stainless Steel,GMT-Master,StoreInventory,Bad deal
4021,4000,pre-owned,69163,Automatic,18k Gold,18k Gold,Datejust,StoreInventory,Bad deal
8100,8100,pre-owned,16610,Automatic,Stainless Steel,Stainless Steel,Submariner,Auction,Bad deal
5792,5792,pre-owned,16610,Automatic,Stainless Steel,Stainless Steel,Submariner,FixedPrice,Good deal
5596,5500,pre-owned,114300,Automatic,Stainless Steel,Stainless Steel,Oysterdate,FixedPrice,Bad deal
6250,6250,pre-owned,16610,Automatic,Stainless Steel,Stainless Steel,Submariner,StoreInventory,Good deal
9848,9800,pre-owned,1601,Automatic,Stainless Steel,Leather,Datejust,Auction,Bad deal
8893,8893,pre-owned,116660,Automatic,Stainless Steel,Stainless Steel,Sea-Dweller,FixedPrice,Bad deal
6300,6300,pre-owned,69178,Automatic,18k Gold,18k Gold,Datejust,StoreInventory,Bad deal
8100,8100,pre-owned,216570,Automatic,Stainless Steel,Stainless Steel,Explorer 2,FixedPrice,Bad deal
7050,7000,pre-owned,216570,Automatic,Stainless Steel,Stainless Steel,Explorer 2,FixedPrice,Good deal
3400,3400,pre-owned,1601,Automatic,Stainless Steel,Two Tone 10k Gold,Datejust,FixedPrice,Bad deal
7750,7750,pre-owned,15037,Automatic,14k Gold,14k Gold,Datejust,StoreInventory,Bad deal
4445,4445,pre-owned,1500,Automatic,Stainless Steel,Stainless Steel,Oysterdate,FixedPrice,Bad deal
5600,5600,pre-owned,116300,Automatic,Stainless Steel,Stainless Steel,Datejust,FixedPrice,Good deal
9121,9100,new without tags,116610,Automatic,Stainless Steel,Stainless Steel,Submariner,Auction,Bad deal
6000,6000,pre-owned,16610,Automatic,Stainless Steel,Stainless Steel,Submariner,FixedPrice,Good deal
9103,9103,pre-owned,1675,Automatic,Stainless Steel,Stainless Steel,GMT-Master,Auction,Bad deal
6850,6850,pre-owned,116660,Automatic,Stainless Steel,Stainless Steel,Sea-Dweller,StoreInventory,Good deal
3025,3000,pre-owned,14000,Automatic,Stainless Steel,Stainless Steel,Air-King,Auction,Good deal
4095,4050,pre-owned,1603,Automatic,Stainless Steel,Leather,Datejust,Auction,Bad deal
6746,6725,pre-owned,16610,Automatic,Stainless Steel,Stainless Steel,Submariner,Auction,Good deal
6000,6000,pre-owned,16610,Automatic,Stainless Steel,Stainless Steel,Submariner,FixedPrice,Good deal
2580,2550,pre-owned,67193,Automatic,18k Gold,18k Gold,Datejust,Auction,Good deal
4900,4900,pre-owned,69173,Automatic,18k Gold,Two Tone 18k Gold,Datejust,FixedPrice,Bad deal
7600,7600,pre-owned,16613,Automatic,Stainless Steel,Two Tone 18k Gold,Submariner,StoreInventory,Good deal
10493,10493,new with tags,116610,Automatic,Stainless Steel,Stainless Steel,Submariner,FixedPrice,Bad deal
9300,9300,pre-owned,1680,Automatic,Stainless Steel,Leather,Submariner,Auction,Good deal
6393,6393,pre-owned,116610,Automatic,Stainless Steel,Stainless Steel,Submariner,FixedPrice,Good deal
3420,3390,pre-owned,16013,Automatic,Stainless Steel,Genuine Rolex Clasp,Datejust,FixedPrice,Good deal
5901,5901,pre-owned,1803,Automatic,18k Gold,18k Gold,President,Auction,Good deal
7150,7150,pre-owned,116234,Automatic,Stainless Steel,Stainless Steel,Datejust,FixedPrice,Bad deal
7150,7150,pre-owned,116234,Automatic,Stainless Steel,Stainless Steel,Datejust,FixedPrice,Bad deal
2568,2529,pre-owned,1603,Automatic,Stainless Steel,Stainless Steel,Datejust,Auction,Good deal
4000,4000,pre-owned,1601,Automatic,Stainless Steel,Leather,Datejust,StoreInventory,Bad deal
3950,3950,pre-owned,1601,Automatic,Stainless Steel,Leather,Datejust,StoreInventory,Bad deal
8250,8250,pre-owned,16623,Automatic,18k Gold,18k Gold,Yachmaster,FixedPrice,Bad deal
7600,7600,pre-owned,16700,Automatic,Stainless Steel,Stainless Steel,GMT-Master,StoreInventory,Good deal
7500,7500,pre-owned,16622,Automatic,Stainless Steel,Stainless Steel,Yachmaster,FixedPrice,Bad deal
4550,4550,pre-owned,68278,Automatic,18k Gold,18k Gold,Datejust,Auction,Good deal
3500,3500,pre-owned,1601,Automatic,Stainless Steel,Stainless Steel,Datejust,StoreInventory,Bad deal
3993,3993,pre-owned,16013,Automatic,18k Gold,18k Gold,Datejust,FixedPrice,Bad deal
9150,9150,pre-owned,1803,Automatic,18k Gold,18k Gold,President,StoreInventory,Bad deal
11500,11500,pre-owned,16800,Automatic,Stainless Steel,Stainless Steel,Submariner,FixedPrice,Bad deal
9500,9500,pre-owned,18038,Automatic,18k Gold,18k Gold,President,FixedPrice,Bad deal
8500,8500,pre-owned,116610,Automatic,Stainless Steel,Stainless Steel,Submariner,StoreInventory,Good deal
9754,9739,pre-owned,16013,Automatic,18k Gold,18k Gold,Datejust,Auction,Bad deal
8250,8250,pre-owned,16613,Automatic,Stainless Steel,18k Gold,Submariner,StoreInventory,Bad deal
6000,6000,pre-owned,18038,Automatic,18k Gold,Leather,President,FixedPrice,Good deal
3093,3093,pre-owned,1625,Automatic,Stainless Steel,18k Gold,Datejust,Auction,Good deal
10900,10900,new with tags,126333,Automatic,Silver,18k Gold,Datejust,StoreInventory,Bad deal
11695,11695,new without tags,116622,Automatic,Stainless Steel,Stainless Steel,Yachmaster,StoreInventory,Bad deal
4850,4850,pre-owned,16622,Automatic,Stainless Steel,Stainless Steel,Yachmaster,Auction,Good deal
11650,11650,new with tags,126333,Automatic,Stainless Steel,18k Gold,Datejust,StoreInventory,Bad deal
7400,7400,pre-owned,16013,Automatic,18k Gold,Two Tone 18k Gold,Datejust,FixedPrice,Bad deal
6845,6800,pre-owned,16660,Automatic,Stainless Steel,Stainless Steel,Sea-Dweller,StoreInventory,Good deal
9545,9500,pre-owned,16660,Automatic,Stainless Steel,Stainless Steel,Sea-Dweller,StoreInventory,Bad deal
9100,9100,pre-owned,116660,Automatic,Stainless Steel,Stainless Steel,Sea-Dweller,Auction,Bad deal
6945,6895,pre-owned,216570,Automatic,Stainless Steel,Stainless Steel,Explorer 2,Auction,Good deal
3000,3000,pre-owned,16014,Automatic,Stainless Steel,Stainless Steel,Datejust,Auction,Good deal
6600,6600,pre-owned,16610,Automatic,Stainless Steel,Stainless Steel,Submariner,Auction,Good deal
9545,9500,pre-owned,16660,Automatic,Stainless Steel,Stainless Steel,Sea-Dweller,StoreInventory,Bad deal
4750,4750,pre-owned,1601,Automatic,Stainless Steel,Stainless Steel,Datejust,StoreInventory,Bad deal
4199,4199,pre-owned,16014,Automatic,Stainless Steel,Stainless Steel,Datejust,Auction,Bad deal
4250,4250,pre-owned,16233,Automatic,18k Gold,18k Gold,Datejust,StoreInventory,Good deal
8493,8493,pre-owned,116610,Automatic,Stainless Steel,Stainless Steel,Submariner,FixedPrice,Good deal
9150,9150,pre-owned,116610,Automatic,Stainless Steel,Stainless Steel,Submariner,StoreInventory,Bad deal
7595,7595,pre-owned,18239,Automatic,18k Gold,18k Gold,President,StoreInventory,Good deal
12000,12000,pre-owned,116523,Automatic,Stainless Steel,18k Gold,Daytona,FixedPrice,Bad deal
5565,5500,pre-owned,69178,Automatic,18k Gold,18k Gold,Datejust,Auction,Bad deal
5629,5599,new with tags,116900,Automatic,Stainless Steel,Stainless Steel,Air-King,FixedPrice,Good deal
4890,4860,pre-owned,114300,Automatic,Stainless Steel,Stainless Steel,Oysterdate,FixedPrice,Good deal
4349,4300,pre-owned,1803,Automatic,18k Gold,18k Gold,President,FixedPrice,Good deal
4500,4500,pre-owned,16014,Automatic,Stainless Steel,Rubber,Datejust,StoreInventory,Bad deal
11050,11000,pre-owned,16610,Automatic,Stainless Steel,Stainless Steel,Submariner,StoreInventory,Bad deal
11119,11119,new with tags,116610,Automatic,Stainless Steel,Stainless Steel,Submariner,FixedPrice,Bad deal
3150,3150,pre-owned,1601,Automatic,Stainless Steel,Stainless Steel,Datejust,FixedPrice,Bad deal
6200,6200,pre-owned,16610,Automatic,Stainless Steel,Stainless Steel,Submariner,FixedPrice,Good deal
10995,10995,new with tags,116610,Automatic,Stainless Steel,Stainless Steel,Submariner,StoreInventory,Bad deal
9050,9050,pre-owned,126334,Automatic,18k Gold,Stainless Steel,Datejust,StoreInventory,Bad deal
3299,3299,pre-owned,16030,Automatic,Stainless Steel,Stainless Steel,Datejust,StoreInventory,Good deal
11600,11600,new with tags,126334,Automatic,Stainless Steel,Stainless Steel,Datejust,StoreInventory,Bad deal
7600,7500,pre-owned,16628,Automatic,18k Gold,18k Gold,Yachmaster,FixedPrice,Good deal
3887,3887,pre-owned,1601,Automatic,Stainless Steel,Stainless Steel,Datejust,StoreInventory,Bad deal
8400,8400,pre-owned,16623,Automatic,18k Gold,18k Gold,Yachmaster,StoreInventory,Bad deal
3200,3200,pre-owned,69173,Automatic,18k Gold,18k Gold,Datejust,StoreInventory,Bad deal
3000,3000,pre-owned,69173,Automatic,Stainless Steel,Two Tone 18k Gold,Datejust,FixedPrice,Bad deal
3038,3038,pre-owned,1601,Automatic,18k Gold,18k Gold,Datejust,Auction,Good deal
4688,4600,pre-owned,69178,Automatic,18k Gold,18k Gold,President,StoreInventory,Good deal
3600,3600,pre-owned,69174,Automatic,Stainless Steel,Stainless Steel,Datejust,StoreInventory,Bad deal
10694,10694,pre-owned,16700,Automatic,Stainless Steel,Stainless Steel,GMT-Master,FixedPrice,Bad deal
6000,6000,pre-owned,216570,Automatic,Stainless Steel,Stainless Steel,Explorer 2,FixedPrice,Good deal
10500,10500,pre-owned,126331,Automatic,Stainless Steel,18k Gold,Datejust,FixedPrice,Bad deal
8790,8750,pre-owned,116622,Automatic,Stainless Steel,Stainless Steel,Yachmaster,FixedPrice,Good deal
4950,4950,new with tags,114300,Automatic,Stainless Steel,Stainless Steel,Oysterdate,Auction,Good deal
7301,7251,pre-owned,1803,Automatic,18k Gold,18k Gold,President,Auction,Good deal
4000,4000,pre-owned,169622,Automatic,Stainless Steel,Stainless Steel,Yachmaster,FixedPrice,Good deal
9350,9350,pre-owned,116710,Automatic,Stainless Steel,Stainless Steel,GMT-Master,Auction,Good deal
4880,4750,pre-owned,16610,Automatic,Stainless Steel,Stainless Steel,Submariner,FixedPrice,Good deal
6500,6500,pre-owned,16613,Automatic,Stainless Steel,Two Tone 18k Gold,Submariner,FixedPrice,Good deal
8900,8900,pre-owned,16613,Automatic,Stainless Steel,Two Tone 18k Gold,Submariner,StoreInventory,Bad deal
4520,4500,pre-owned,116000,Automatic,Stainless Steel,Stainless Steel,Oysterdate,FixedPrice,Bad deal
4916,4900,pre-owned,16570,Automatic,Stainless Steel,Stainless Steel,Explorer 2,StoreInventory,Good deal
7899,7899,pre-owned,116334,Automatic,Stainless Steel,Stainless Steel,Datejust,FixedPrice,Bad deal
4100,4100,pre-owned,114300,Automatic,Stainless Steel,Stainless Steel,Oysterdate,FixedPrice,Good deal
8492,8492,pre-owned,1803,Automatic,18k Gold,18k Gold,President,FixedPrice,Good deal
3540,3540,pre-owned,1603,Automatic,Stainless Steel,Stainless Steel,Datejust,Auction,Bad deal
12100,12100,pre-owned,116610,Automatic,Stainless Steel,Stainless Steel,Submariner,Auction,Bad deal
3415,3375,pre-owned,6927,Automatic,18k Gold,Leather,Datejust,Auction,Good deal
3600,3600,pre-owned,16014,Automatic,Stainless Steel,Stainless Steel,Datejust,FixedPrice,Good deal
3300,3300,pre-owned,16030,Automatic,Stainless Steel,Stainless Steel,Datejust,StoreInventory,Good deal
6190,6190,pre-owned,1803,Automatic,18k Gold,18k Gold,President,FixedPrice,Good deal
3485,3485,pre-owned,169622,Automatic,Stainless Steel,Stainless Steel,Yachmaster,StoreInventory,Good deal
4187,4155,pre-owned,116231,Automatic,18k Gold,18k Gold,Datejust,Auction,Good deal
5000,5000,pre-owned,116200,Automatic,Stainless Steel,Stainless Steel,Datejust,StoreInventory,Bad deal
9550,9550,new with tags,116610,Automatic,Stainless Steel,Stainless Steel,Submariner,FixedPrice,Bad deal
5745,5700,pre-owned,18038,Automatic,18k Gold,18k Gold,President,StoreInventory,Good deal
6093,6093,pre-owned,214270,Automatic,Stainless Steel,Stainless Steel,Explorer,FixedPrice,Bad deal
3747,3730,pre-owned,6517,Automatic,Stainless Steel,Two Tone 14k Gold,Datejust,Auction,Good deal
6500,6500,pre-owned,69178,Automatic,18k Gold,18k Gold,Datejust,StoreInventory,Bad deal
5850,5850,pre-owned,16610,Automatic,Stainless Steel,Stainless Steel,Submariner,FixedPrice,Good deal
4250,4250,pre-owned,116200,Automatic,Stainless Steel,Stainless Steel,Datejust,FixedPrice,Good deal
10600,10600,pre-owned,116660,Automatic,Stainless Steel,Stainless Steel,Sea-Dweller,StoreInventory,Bad deal
5200,5200,pre-owned,16570,Automatic,Stainless Steel,Stainless Steel,Explorer 2,StoreInventory,Good deal
7000,7000,pre-owned,16610,Automatic,Stainless Steel,Stainless Steel,Submariner,FixedPrice,Bad deal
5960,5900,pre-owned,16622,Automatic,Stainless Steel,Stainless Steel,Yachmaster,Auction,Good deal
8390,8350,pre-owned,1675,Automatic,Stainless Steel,Stainless Steel,GMT-Master,Auction,Bad deal
8340,8300,pre-owned,1675,Automatic,Stainless Steel,Stainless Steel,GMT-Master,Auction,Bad deal
3160,3160,pre-owned,16030,Automatic,Stainless Steel,Stainless Steel,Datejust,FixedPrice,Good deal
6688,6688,pre-owned,15037,Automatic,14k Gold,14k Gold,Datejust,StoreInventory,Good deal
15193,15100,pre-owned,18078,Automatic,18k Gold,18k Gold,President,Auction,Bad deal
3859,3851,pre-owned,1601,Automatic,Stainless Steel,Stainless Steel,Datejust,Auction,Bad deal
3500,3500,pre-owned,16013,Automatic,18k Gold,18k Gold,Datejust,StoreInventory,Good deal
8500,8500,pre-owned,16600,Automatic,Stainless Steel,Stainless Steel,Sea-Dweller,FixedPrice,Bad deal
8000,8000,pre-owned,16800,Automatic,Stainless Steel,Stainless Steel,Submariner,StoreInventory,Bad deal
9825,9800,pre-owned,18238,Automatic,18k Gold,18k Gold,Datejust,Auction,Good deal
7293,7293,pre-owned,16610,Automatic,Stainless Steel,Stainless Steel,Submariner,FixedPrice,Bad deal
9315,9250,pre-owned,69173,Automatic,18k Gold,Two Tone 18k Gold,Datejust,FixedPrice,Bad deal
12327,12250,pre-owned,116710,Automatic,Stainless Steel,Stainless Steel,GMT-Master,FixedPrice,Bad deal
4600,4550,pre-owned,114300,Automatic,Stainless Steel,Stainless Steel,Oysterdate,Auction,Good deal
3500,3500,pre-owned,1601,Automatic,Stainless Steel,Leather,Datejust,FixedPrice,Bad deal
6755,6700,pre-owned,16610,Automatic,Stainless Steel,Stainless Steel,Submariner,StoreInventory,Good deal
6579,6500,pre-owned,16622,Automatic,Platinum,Stainless Steel,Yachmaster,Auction,Good deal
5500,5500,pre-owned,16622,Automatic,Stainless Steel,Stainless Steel,Yachmaster,FixedPrice,Good deal
8978,8978,pre-owned,126334,Automatic,18k Gold,Stainless Steel,Datejust,FixedPrice,Bad deal
4285,4280,pre-owned,168622,Automatic,Stainless Steel,Stainless Steel,Yachmaster,Auction,Good deal
7594,7594,pre-owned,16803,Automatic,18k Gold,18k Gold,Submariner,FixedPrice,Bad deal
8034,7999,pre-owned,114060,Automatic,Stainless Steel,Stainless Steel,Submariner,StoreInventory,Good deal
6009,6001,pre-owned,16713,Automatic,Stainless Steel,18k Gold,GMT-Master,Auction,Good deal
5021,4993,pre-owned,1601,Automatic,18k Gold,Two Tone 18k Gold,Datejust,FixedPrice,Bad deal
5005,5000,new without tags,116613,Automatic,Stainless Steel,18k Gold,Submariner,FixedPrice,Good deal
6750,6750,pre-owned,16613,Automatic,Stainless Steel,Two Tone 18k Gold,Submariner,FixedPrice,Good deal
5500,5500,pre-owned,16622,Automatic,Stainless Steel,Stainless Steel,Yachmaster,FixedPrice,Good deal
6150,6100,pre-owned,16613,Automatic,Stainless Steel,Two Tone 18k Gold,Submariner,Auction,Good deal
3600,3500,pre-owned,17013,Quartz,Stainless Steel,Silver,Datejust,Auction,Bad deal
6400,6400,pre-owned,16610,Automatic,Stainless Steel,Stainless Steel,Submariner,Auction,Good deal
3250,3250,pre-owned,1601,Automatic,Stainless Steel,Two Tone 18k Gold,Datejust,Auction,Bad deal
3650,3650,pre-owned,1601,Automatic,18k Gold,Two Tone 18k Gold,Datejust,Auction,Bad deal
4373,4361,pre-owned,16234,Automatic,Stainless Steel,Stainless Steel,Datejust,Auction,Good deal
6900,6900,pre-owned,116334,Automatic,Stainless Steel,Stainless Steel,Datejust,Auction,Good deal
4401,4401,pre-owned,69178,Automatic,18k Gold,18k Gold,Datejust,Auction,Good deal
6950,6900,pre-owned,16613,Automatic,Stainless Steel,Two Tone 18k Gold,Submariner,Auction,Good deal
5368,5358,pre-owned,16610,Automatic,Stainless Steel,Stainless Steel,Submariner,Auction,Good deal
6550,6500,pre-owned,16613,Automatic,Stainless Steel,Two Tone 18k Gold,Submariner,Auction,Good deal
10100,10100,pre-owned,228235,Automatic,18k Gold,18k Gold,Datejust,Auction,Good deal
8688,8688,pre-owned,18078,Automatic,18k Gold,18k Gold,President,Auction,Good deal
7900,7900,pre-owned,1803,Automatic,18k Gold,18k Gold,President,Auction,Good deal
3500,3500,pre-owned,1603,Automatic,Stainless Steel,Stainless Steel,Datejust,Auction,Bad deal
7100,7050,pre-owned,16613,Automatic,Stainless Steel,Two Tone 18k Gold,Submariner,Auction,Good deal
5500,5500,pre-owned,69173,Automatic,18k Gold,Two Tone 18k Gold,Datejust,Auction,Bad deal
9075,9000,new with tags,6305,Automatic,18k Gold,Leather,Oysterdate,Auction,Bad deal
4520,4500,pre-owned,116400,Automatic,Stainless Steel,Stainless Steel,Milgauss,Auction,Good deal
5019,4999,pre-owned,116400,Automatic,Stainless Steel,Stainless Steel,Milgauss,Auction,Good deal
5600,5600,pre-owned,216570,Automatic,Stainless Steel,Stainless Steel,Explorer 2,Auction,Good deal
8350,8250,pre-owned,116610,Automatic,Stainless Steel,Stainless Steel,Submariner,Auction,Good deal
2882,2850,pre-owned,1005,Automatic,18k Gold,Leather,Oysterdate,Auction,Good deal
5500,5500,pre-owned,1803,Automatic,18k Gold,18k Gold,President,Auction,Good deal
4250,4250,manufacturer refurbished,1601,Automatic,Stainless Steel,Leather,Datejust,Auction,Bad deal
8999,8999,pre-owned,18038,Automatic,18k Gold,18k Gold,President,Auction,Good deal
8100,8100,pre-owned,18038,Automatic,18k Gold,18k Gold,President,Auction,Good deal
4060,4060,pre-owned,1601,Automatic,Stainless Steel,Two Tone 18k Gold,Datejust,Auction,Bad deal
6150,6100,pre-owned,18038,Automatic,18k Gold,18k Gold,Datejust,Auction,Good deal
6991,6850,pre-owned,16234,Automatic,Stainless Steel,Stainless Steel,Datejust,Auction,Bad deal
8000,8000,pre-owned,16018,Automatic,18k Gold,Leather,Datejust,Auction,Bad deal
5000,5000,pre-owned,16622,Automatic,Stainless Steel,Stainless Steel,Yachmaster,Auction,Good deal
5040,5040,pre-owned,1601,Automatic,18k Gold,Leather,Datejust,Auction,Bad deal
10153,10153,pre-owned,18038,Automatic,18k Gold,18k Gold,Datejust,Auction,Bad deal
6634,6634,pre-owned,16613,Automatic,Stainless Steel,Two Tone 18k Gold,Submariner,Auction,Good deal
5100,5100,pre-owned,1803,Automatic,18k Gold,Leather,President,Auction,Good deal
10199,10199,pre-owned,1803,Automatic,18k Gold,18k Gold,President,Auction,Bad deal
6500,6500,pre-owned,16613,Automatic,Stainless Steel,Two Tone 18k Gold,Submariner,Auction,Good deal
4649,4649,pre-owned,69178,Automatic,18k Gold,18k Gold,Datejust,Auction,Good deal
5740,5700,pre-owned,16610,Automatic,Stainless Steel,Stainless Steel,Submariner,Auction,Good deal
4000,4000,manufacturer refurbished,1601,Automatic,Stainless Steel,Leather,Datejust,Auction,Bad deal
3045,3000,manufacturer refurbished,1601,Automatic,18k Gold,Leather,Datejust,Auction,Good deal
3070,3050,pre-owned,116200,Automatic,Stainless Steel,Stainless Steel,Datejust,Auction,Good deal
3509,3500,pre-owned,116613,Automatic,18k Gold,18k Gold,Submariner,Auction,Good deal
4535,4535,pre-owned,69178,Automatic,18k Gold,18k Gold,Datejust,Auction,Good deal
6600,6600,pre-owned,79163,Automatic,Stainless Steel,Two Tone 18k Gold,Datejust,Auction,Bad deal
7863,7855,pre-owned,5513,Automatic,Stainless Steel,Stainless Steel,Submariner,Auction,Bad deal
3600,3600,pre-owned,17013,Quartz,Stainless Steel,18k Gold,Datejust,Auction,Bad deal
5096,5096,pre-owned,1601,Automatic,18k Gold,Two Tone 18k Gold,Datejust,StoreInventory,Bad deal
4050,4050,pre-owned,1601,Automatic,18k Gold,Leather,Datejust,StoreInventory,Bad deal
3000,3000,pre-owned,1601,Automatic,18k Gold,Two Tone 18k Gold,Datejust,StoreInventory,Good deal
9621,9600,new without tags,116610,Automatic,Stainless Steel,Stainless Steel,Submariner,Auction,Bad deal
6334,6295,pre-owned,114060,Automatic,Stainless Steel,Stainless Steel,Submariner,StoreInventory,Good deal
4005,4000,new with tags,76080,Automatic,Stainless Steel,Stainless Steel,Oysterdate,StoreInventory,Bad deal
6060,5995,pre-owned,16800,Automatic,Stainless Steel,Stainless Steel,Submariner,StoreInventory,Good deal
7500,7500,pre-owned,16610,Automatic,Stainless Steel,Stainless Steel,Submariner,StoreInventory,Bad deal
5495,5495,pre-owned,1500,Automatic,Stainless Steel,Stainless Steel,Datejust,StoreInventory,Bad deal
8000,8000,pre-owned,16613,Automatic,Stainless Steel,Two Tone 18k Gold,Submariner,StoreInventory,Bad deal
4995,4995,pre-owned,69178,Automatic,18k Gold,18k Gold,Datejust,StoreInventory,Good deal
5076,5000,pre-owned,114300,Automatic,Stainless Steel,Stainless Steel,Oysterdate,FixedPrice,Good deal
11693,11693,pre-owned,1803,Automatic,18k Gold,18k Gold,President,FixedPrice,Bad deal
6500,6500,pre-owned,116400GV,Automatic,Stainless Steel,Stainless Steel,Milgauss,FixedPrice,Good deal
3600,3600,pre-owned,68273,Automatic,Stainless Steel,18k Gold,Datejust,FixedPrice,Bad deal
4555,4550,pre-owned,168622,Automatic,Stainless Steel,Stainless Steel,Yachmaster,Auction,Good deal
5076,5000,pre-owned,114300,Automatic,Stainless Steel,Stainless Steel,Oysterdate,FixedPrice,Good deal
11693,11693,pre-owned,1803,Automatic,18k Gold,18k Gold,President,FixedPrice,Bad deal
7000,7000,pre-owned,16750,Automatic,Stainless Steel,Stainless Steel,GMT-Master,StoreInventory,Good deal
3391,3391,pre-owned,1603,Automatic,Stainless Steel,Stainless Steel,Datejust,StoreInventory,Bad deal
6500,6500,pre-owned,116400GV,Automatic,Stainless Steel,Stainless Steel,Milgauss,FixedPrice,Good deal
3600,3600,pre-owned,68273,Automatic,Stainless Steel,18k Gold,Datejust,FixedPrice,Bad deal
4555,4550,pre-owned,168622,Automatic,Stainless Steel,Stainless Steel,Yachmaster,Auction,Good deal
6091,6091,pre-owned,14060,Automatic,Stainless Steel,Stainless Steel,Submariner,FixedPrice,Good deal
4692,4692,pre-owned,114300,Automatic,Stainless Steel,Stainless Steel,Oysterdate,FixedPrice,Good deal
7350,7350,pre-owned,16713,Automatic,Stainless Steel,18k Gold,GMT-Master,StoreInventory,Good deal
3700,3700,pre-owned,16013,Automatic,Stainless Steel,18k Gold,Datejust,Auction,Good deal
8100,8100,pre-owned,1601,Automatic,18k Gold,18k Gold,Datejust,FixedPrice,Bad deal
7000,7000,pre-owned,16713,Automatic,Stainless Steel,18k Gold,GMT-Master,StoreInventory,Good deal
4723,4400,pre-owned,116900,Automatic,Stainless Steel,Stainless Steel,Air-King,StoreInventory,Good deal
5688,5688,pre-owned,69178,Automatic,18k Gold,18k Gold,Datejust,StoreInventory,Bad deal
7750,7750,new with tags,116400GV,Automatic,Stainless Steel,Stainless Steel,Milgauss,FixedPrice,Bad deal
7100,7100,pre-owned,16613,Automatic,Stainless Steel,18k Gold,Submariner,StoreInventory,Good deal
3895,3895,pre-owned,16014,Automatic,Stainless Steel,Stainless Steel,Datejust,FixedPrice,Bad deal
8710,8600,pre-owned,116660,Automatic,Stainless Steel,Stainless Steel,Sea-Dweller,FixedPrice,Bad deal
4685,4650,new with tags,114300,Automatic,Stainless Steel,Stainless Steel,Oysterdate,Auction,Good deal
6500,6500,pre-owned,69178,Automatic,18k Gold,18k Gold,Datejust,StoreInventory,Bad deal
9750,9700,pre-owned,1803,Automatic,18k Gold,18k Gold,President,StoreInventory,Bad deal
8400,8400,pre-owned,16613,Automatic,Stainless Steel,Two Tone 18k Gold,Submariner,StoreInventory,Bad deal
3994,3994,pre-owned,16233,Automatic,18k Gold,18k Gold,Datejust,FixedPrice,Good deal
5500,5500,pre-owned,16613,Automatic,Stainless Steel,Two Tone 18k Gold,Submariner,Auction,Good deal
6600,6600,pre-owned,16613,Automatic,Stainless Steel,Two Tone 18k Gold,Submariner,FixedPrice,Good deal
7300,7300,new with tags,126300,Automatic,Stainless Steel,Stainless Steel,Datejust,StoreInventory,Bad deal
3150,3150,pre-owned,1601,Automatic,18k Gold,Leather,Datejust,Auction,Bad deal
5885,5885,pre-owned,16610,Automatic,Stainless Steel,Stainless Steel,Submariner,StoreInventory,Good deal
8265,8200,manufacturer refurbished,16613,Automatic,Stainless Steel,Two Tone 18k Gold,Submariner,Auction,Bad deal
8265,8200,manufacturer refurbished,16613,Automatic,Stainless Steel,Two Tone 18k Gold,Submariner,Auction,Bad deal
7012,7000,pre-owned,1803,Automatic,18k Gold,18k Gold,President,FixedPrice,Good deal
3249,3200,pre-owned,6517,Automatic,18k Gold,18k Gold,Datejust,StoreInventory,Good deal
5000,5000,pre-owned,18038,Automatic,18k Gold,18k Gold,President,Auction,Good deal
4870,4870,pre-owned,1803,Automatic,18k Gold,18k Gold,President,Auction,Good deal
4450,4450,pre-owned,69178,Automatic,18k Gold,18k Gold,Datejust,Auction,Good deal
6000,6000,pre-owned,18038,Automatic,18k Gold,18k Gold,President,Auction,Good deal
6600,6600,pre-owned,16610,Automatic,Stainless Steel,Stainless Steel,Submariner,Auction,Good deal
7887,7877,pre-owned,16013,Automatic,Stainless Steel,18k Gold,Datejust,Auction,Bad deal
4700,4650,pre-owned,1803,Automatic,18k Gold,18k Gold,President,Auction,Good deal
8750,8750,pre-owned,116610,Automatic,Stainless Steel,Stainless Steel,Submariner,FixedPrice,Bad deal
8495,8495,pre-owned,116610,Automatic,Stainless Steel,Stainless Steel,Submariner,StoreInventory,Good deal
3249,3200,pre-owned,6517,Automatic,18k Gold,18k Gold,Oysterdate,StoreInventory,Good deal
4850,4850,pre-owned,16014,Automatic,18k Gold,Stainless Steel,Datejust,StoreInventory,Bad deal
8514,8495,new with tags,116710,Automatic,Stainless Steel,Stainless Steel,GMT-Master,StoreInventory,Good deal
9600,9600,pre-owned,16613,Automatic,Stainless Steel,Two Tone 18k Gold,Submariner,StoreInventory,Bad deal
4515,4500,pre-owned,116200,Automatic,Stainless Steel,Stainless Steel,Datejust,Auction,Good deal
4150,4150,pre-owned,1603,Automatic,Stainless Steel,Stainless Steel,Datejust,Auction,Bad deal
5073,4750,pre-owned,116234,Automatic,Stainless Steel,Stainless Steel,Datejust,StoreInventory,Good deal
7031,7001,pre-owned,69173,Automatic,18k Gold,18k Gold,Datejust,StoreInventory,Bad deal
3895,3895,pre-owned,68273,Automatic,Stainless Steel,18k Gold,Datejust,StoreInventory,Bad deal
7000,7000,pre-owned,116300,Automatic,Stainless Steel,Stainless Steel,Datejust,StoreInventory,Bad deal
6995,6995,pre-owned,116400V,Automatic,Stainless Steel,Stainless Steel,Milgauss,FixedPrice,Bad deal
3795,3795,pre-owned,68273,Automatic,18k Gold,18k Gold,Datejust,StoreInventory,Bad deal
6520,6500,pre-owned,116300,Automatic,Stainless Steel,Stainless Steel,Datejust,StoreInventory,Bad deal
10021,10000,new without tags,116610,Automatic,Stainless Steel,Stainless Steel,Submariner,StoreInventory,Bad deal
4000,4000,pre-owned,69178,Automatic,18k Gold,18k Gold,Datejust,FixedPrice,Good deal
5000,5000,pre-owned,16570,Automatic,Stainless Steel,Stainless Steel,Explorer 2,FixedPrice,Good deal
11000,11000,pre-owned,18238,Automatic,18k Gold,18k Gold,Datejust,FixedPrice,Good deal
3600,3600,pre-owned,1601,Automatic,Stainless Steel,Stainless Steel,Datejust,StoreInventory,Bad deal
5150,5150,pre-owned,16014,Automatic,Stainless Steel,18k Gold,Datejust,FixedPrice,Bad deal
3985,3985,pre-owned,69174,Automatic,Stainless Steel,Stainless Steel,Datejust,StoreInventory,Bad deal
5000,5000,pre-owned,1803,Automatic,18k Gold,18k Gold,President,Auction,Good deal
8495,8495,pre-owned,116610,Automatic,Stainless Steel,Stainless Steel,Submariner,StoreInventory,Good deal
5992,5992,pre-owned,14060,Automatic,Stainless Steel,Stainless Steel,Submariner,FixedPrice,Good deal
3873,3873,pre-owned,69178,Automatic,18k Gold,18k Gold,Datejust,FixedPrice,Good deal
3000,3000,pre-owned,16234,Automatic,Stainless Steel,Stainless Steel,Datejust,FixedPrice,Good deal
8631,8631,pre-owned,116660,Automatic,Stainless Steel,Stainless Steel,Sea-Dweller,FixedPrice,Bad deal
3150,3150,pre-owned,16013,Automatic,18k Gold,18k Gold,Datejust,StoreInventory,Good deal
7565,7500,pre-owned,69628,Automatic,18k Gold,18k Gold,Yachmaster,FixedPrice,Bad deal
6100,6100,pre-owned,69173,Automatic,18k Gold,Two Tone 18k Gold,Datejust,Auction,Bad deal
7500,7500,pre-owned,116334,Automatic,Stainless Steel,Stainless Steel,Datejust,StoreInventory,Bad deal
5500,5500,pre-owned,116900,Automatic,Stainless Steel,Stainless Steel,Air-King,StoreInventory,Good deal
4851,4851,pre-owned,16570,Automatic,Stainless Steel,Stainless Steel,Explorer 2,Auction,Good deal
8600,8550,pre-owned,116610,Automatic,Stainless Steel,Stainless Steel,Submariner,StoreInventory,Good deal
3450,3450,pre-owned,1603,Automatic,Stainless Steel,Stainless Steel,Datejust,StoreInventory,Bad deal
3995,3995,pre-owned,69173,Automatic,Stainless Steel,Two Tone 18k Gold,Datejust,FixedPrice,Bad deal
3007,3000,pre-owned,16623,Automatic,18k Gold,18k Gold,Yachmaster,FixedPrice,Good deal
7291,7291,pre-owned,216570,Automatic,Stainless Steel,Stainless Steel,Explorer 2,FixedPrice,Good deal
3450,3450,pre-owned,1603,Automatic,Stainless Steel,Stainless Steel,Datejust,StoreInventory,Bad deal
3995,3995,pre-owned,69173,Automatic,Stainless Steel,Two Tone 18k Gold,Datejust,FixedPrice,Bad deal
3007,3000,pre-owned,16623,Automatic,18k Gold,18k Gold,Yachmaster,FixedPrice,Good deal
7291,7291,pre-owned,216570,Automatic,Stainless Steel,Stainless Steel,Explorer 2,FixedPrice,Good deal
3295,3295,pre-owned,1601,Automatic,18k Gold,Leather,Datejust,Auction,Bad deal
4300,4300,pre-owned,16570,Automatic,Stainless Steel,Stainless Steel,Explorer 2,Auction,Good deal
6545,6500,pre-owned,216570,Automatic,Stainless Steel,Stainless Steel,Explorer 2,FixedPrice,Good deal
3380,3380,new with tags,179174,Automatic,Stainless Steel,Stainless Steel,Datejust,StoreInventory,Good deal
4495,4475,pre-owned,1603,Automatic,Stainless Steel,Stainless Steel,Datejust,StoreInventory,Bad deal
4900,4900,pre-owned,69173,Automatic,Stainless Steel,18k Gold,Datejust,FixedPrice,Bad deal
9100,9000,pre-owned,18038,Automatic,18k Gold,18k Gold,Datejust,StoreInventory,Good deal
7950,7950,new with tags,178274,Automatic,Stainless Steel,Stainless Steel,Datejust,FixedPrice,Bad deal
9020,8999,pre-owned,1803,Automatic,18k Gold,18k Gold,President,StoreInventory,Bad deal
3295,3295,pre-owned,79240,Automatic,Stainless Steel,Stainless Steel,Datejust,StoreInventory,Bad deal
10995,10995,new with tags,116610,Automatic,Stainless Steel,Stainless Steel,Submariner,FixedPrice,Bad deal
5800,5800,pre-owned,16550,Automatic,Stainless Steel,Stainless Steel,Explorer 2,FixedPrice,Good deal
7533,7533,pre-owned,6426,Automatic,Stainless Steel,Leather,Oysterdate,Auction,Bad deal
9500,9400,pre-owned,18038,Automatic,18k Gold,18k Gold,Datejust,StoreInventory,Bad deal
3189,3189,pre-owned,1601,Automatic,Stainless Steel,Stainless Steel,Datejust,FixedPrice,Bad deal
5785,5750,pre-owned,1803,Automatic,18k Gold,18k Gold,President,StoreInventory,Good deal
9500,9500,pre-owned,18038,Automatic,18k Gold,18k Gold,President,StoreInventory,Bad deal
5500,5400,pre-owned,114300,Automatic,Stainless Steel,Stainless Steel,Datejust,Auction,Bad deal
3119,3099,pre-owned,1005,Automatic,18k Gold,Leather,Oysterdate,StoreInventory,Good deal
11993,11993,pre-owned,178383,Automatic,18k Gold,18k Gold,Datejust,FixedPrice,Bad deal
11993,11993,pre-owned,178383,Automatic,18k Gold,18k Gold,Datejust,FixedPrice,Bad deal
3080,3080,pre-owned,69173,Automatic,18k Gold,Two Tone 18k Gold,Datejust,FixedPrice,Bad deal
8550,8500,pre-owned,116610,Automatic,Stainless Steel,Stainless Steel,Submariner,Auction,Good deal
9000,9000,pre-owned,18038,Automatic,18k Gold,18k Gold,President,FixedPrice,Good deal
6475,6450,pre-owned,16600,Automatic,Stainless Steel,Stainless Steel,Sea-Dweller,Auction,Good deal
4594,4594,pre-owned,69178,Automatic,18k Gold,18k Gold,Datejust,FixedPrice,Good deal
11350,11350,pre-owned,6827,Automatic,18k Gold,18k Gold,Datejust,FixedPrice,Bad deal
5000,5000,pre-owned,1803,Automatic,18k Gold,18k Gold,President,FixedPrice,Good deal
5750,5750,pre-owned,16570,Automatic,Stainless Steel,Stainless Steel,Explorer 2,StoreInventory,Bad deal
3151,3131,seller refurbished,68273,Automatic,Stainless Steel,18k Gold,Datejust,Auction,Good deal
3500,3475,pre-owned,179174,Automatic,Stainless Steel,Stainless Steel,Datejust,FixedPrice,Good deal
11192,11192,pre-owned,116613,Automatic,18k Gold,18k Gold,Submariner,FixedPrice,Bad deal
4600,4600,pre-owned,69173,Automatic,Stainless Steel,Two Tone 10k Gold,Datejust,FixedPrice,Bad deal
4400,4400,pre-owned,1601,Automatic,18k Gold,Two Tone 18k Gold,Datejust,StoreInventory,Bad deal
4750,4750,pre-owned,78243,Automatic,18k Gold,Two Tone 18k Gold,Datejust,StoreInventory,Bad deal
4694,4694,pre-owned,14270,Automatic,Stainless Steel,Stainless Steel,Explorer,FixedPrice,Bad deal
7650,7650,pre-owned,16610,Automatic,Stainless Steel,Stainless Steel,Submariner,StoreInventory,Bad deal
3990,3990,pre-owned,114300,Automatic,Stainless Steel,Stainless Steel,Oysterdate,FixedPrice,Good deal
2616,2600,pre-owned,1601,Automatic,Silver,Stainless Steel,Datejust,Auction,Good deal
5100,5100,pre-owned,1601,Automatic,18k Gold,Leather,Datejust,StoreInventory,Bad deal
5100,5100,pre-owned,1601,Automatic,18k Gold,Leather,Datejust,StoreInventory,Bad deal
11495,11495,new with tags,116334,Automatic,Stainless Steel,Stainless Steel,Datejust,FixedPrice,Bad deal
7946,7946,pre-owned,116710,Automatic,Stainless Steel,Stainless Steel,GMT-Master,FixedPrice,Good deal
6883,6850,pre-owned,1601,Automatic,18k Gold,Leather,Datejust,FixedPrice,Bad deal
4550,4550,pre-owned,6305,Automatic,18k Gold,Leather,Oysterdate,Auction,Bad deal
5900,5900,pre-owned,1601,Automatic,18k Gold,Two Tone 18k Gold,Oysterdate,FixedPrice,Bad deal
3750,3750,pre-owned,16622,Automatic,Stainless Steel,Stainless Steel,Yachmaster,FixedPrice,Good deal
3250,3250,pre-owned,16220,Automatic,Silver,Stainless Steel,Datejust,Auction,Good deal
7100,7100,pre-owned,69178,Automatic,18k Gold,18k Gold,Datejust,StoreInventory,Bad deal
5700,5700,pre-owned,16014,Automatic,Stainless Steel,Stainless Steel,Datejust,StoreInventory,Bad deal
8550,8500,pre-owned,116610,Automatic,Stainless Steel,Stainless Steel,Submariner,Auction,Good deal
9330,9300,pre-owned,1803,Automatic,18k Gold,18k Gold,President,Auction,Bad deal
8500,8500,pre-owned,116660,Automatic,Stainless Steel,Stainless Steel,Sea-Dweller,StoreInventory,Bad deal
4815,4750,pre-owned,68273,Automatic,Stainless Steel,18k Gold,Datejust,FixedPrice,Bad deal
6500,6500,pre-owned,116200,Automatic,Stainless Steel,Stainless Steel,Datejust,StoreInventory,Bad deal
3000,3000,pre-owned,6694,Automatic,Stainless Steel,Stainless Steel,Oysterdate,FixedPrice,Good deal
10995,10995,pre-owned,116610,Automatic,Stainless Steel,Stainless Steel,Submariner,StoreInventory,Bad deal
8999,8999,pre-owned,16610,Automatic,Stainless Steel,Stainless Steel,Submariner,StoreInventory,Bad deal
7985,7985,pre-owned,16610,Automatic,Stainless Steel,Stainless Steel,Submariner,StoreInventory,Bad deal
9200,9200,pre-owned,116710,Automatic,Stainless Steel,Stainless Steel,GMT-Master,StoreInventory,Good deal
3793,3793,pre-owned,179160,Automatic,Stainless Steel,Stainless Steel,Datejust,FixedPrice,Bad deal
5318,5200,pre-owned,6517,Automatic,18k Gold,18k Gold,Datejust,Auction,Bad deal
8550,8500,pre-owned,116610,Automatic,Stainless Steel,Stainless Steel,Submariner,Auction,Good deal
12000,12000,pre-owned,1803,Automatic,18k Gold,18k Gold,President,StoreInventory,Bad deal
5600,5600,pre-owned,1601,Automatic,Stainless Steel,Stainless Steel,Datejust,StoreInventory,Bad deal
7689,7689,pre-owned,16613,Automatic,Stainless Steel,Two Tone 18k Gold,Submariner,FixedPrice,Bad deal
7500,7500,pre-owned,116334,Automatic,Stainless Steel,Stainless Steel,Datejust,FixedPrice,Bad deal
9950,9950,pre-owned,126334,Automatic,Stainless Steel,Stainless Steel,Datejust,FixedPrice,Bad deal
12000,12000,pre-owned,18239,Automatic,18k Gold,18k Gold,President,FixedPrice,Bad deal
8500,8500,pre-owned,69178,Automatic,18k Gold,18k Gold,Datejust,Auction,Bad deal
7300,7250,pre-owned,116610,Automatic,Stainless Steel,Stainless Steel,Submariner,Auction,Good deal
5995,5995,pre-owned,15200,Automatic,Stainless Steel,Stainless Steel,Datejust,StoreInventory,Bad deal
3100,3100,pre-owned,1601,Automatic,18k Gold,Two Tone 18k Gold,Oysterdate,StoreInventory,Good deal
6692,6692,pre-owned,116400GV,Automatic,Stainless Steel,Stainless Steel,Milgauss,FixedPrice,Good deal
3100,3100,pre-owned,1601,Automatic,18k Gold,Two Tone 18k Gold,Datejust,StoreInventory,Good deal
6692,6692,pre-owned,116400GV,Automatic,Stainless Steel,Stainless Steel,Milgauss,FixedPrice,Good deal
5991,5991,pre-owned,14060,Automatic,Stainless Steel,Stainless Steel,Submariner,FixedPrice,Good deal
11995,11995,pre-owned,116610,Automatic,Stainless Steel,Stainless Steel,Submariner,StoreInventory,Bad deal
10000,10000,pre-owned,18038,Automatic,18k Gold,18k Gold,President,StoreInventory,Bad deal
10800,10800,new with tags,116610,Automatic,Stainless Steel,Stainless Steel,Submariner,StoreInventory,Bad deal
10550,10550,new with tags,116610,Automatic,Stainless Steel,Stainless Steel,Submariner,StoreInventory,Bad deal
4500,4500,pre-owned,6305,Automatic,18k Gold,Leather,Oysterdate,FixedPrice,Bad deal
5251,5250,pre-owned,16013,Automatic,Stainless Steel,18k Gold,Datejust,Auction,Bad deal
11060,11000,pre-owned,116660,Automatic,Stainless Steel,Stainless Steel,Sea-Dweller,Auction,Bad deal
7493,7493,pre-owned,216570,Automatic,Stainless Steel,Stainless Steel,Explorer 2,FixedPrice,Bad deal
4195,4195,pre-owned,68240,Automatic,Stainless Steel,Stainless Steel,Datejust,StoreInventory,Bad deal
8795,8795,pre-owned,6517,Automatic,18k Gold,18k Gold,Datejust,StoreInventory,Bad deal
3000,3000,pre-owned,1601,Automatic,18k Gold,Leather,Datejust,StoreInventory,Good deal
9000,9000,new with tags,114060,Automatic,Stainless Steel,Stainless Steel,Submariner,FixedPrice,Bad deal
8411,8411,pre-owned,16613,Automatic,Stainless Steel,Two Tone 18k Gold,Submariner,Auction,Bad deal
7800,7800,new without tags,216570,Automatic,Stainless Steel,Stainless Steel,Explorer 2,StoreInventory,Bad deal
10099,10000,new with tags,116520,Automatic,Stainless Steel,Stainless Steel,Daytona,StoreInventory,Good deal
10099,10000,new with tags,116520,Automatic,Stainless Steel,Stainless Steel,Daytona,StoreInventory,Good deal
4050,4000,pre-owned,1803,Automatic,18k Gold,18k Gold,President,StoreInventory,Good deal
8000,8000,pre-owned,68273,Automatic,Stainless Steel,18k Gold,Datejust,FixedPrice,Bad deal
3400,3400,pre-owned,16030,Automatic,Stainless Steel,Stainless Steel,Datejust,FixedPrice,Good deal
4700,4700,pre-owned,114300,Automatic,Stainless Steel,Stainless Steel,Oysterdate,FixedPrice,Good deal
5800,5800,pre-owned,69178,Automatic,18k Gold,18k Gold,Datejust,FixedPrice,Bad deal
6600,6600,new with tags,126334,Automatic,Stainless Steel,Stainless Steel,Datejust,FixedPrice,Good deal
6789,6750,pre-owned,16600,Automatic,Stainless Steel,Stainless Steel,Sea-Dweller,StoreInventory,Bad deal
3609,3609,pre-owned,16234,Automatic,Stainless Steel,Stainless Steel,Datejust,Auction,Good deal
6499,6499,pre-owned,16570,Automatic,Stainless Steel,Stainless Steel,Explorer 2,StoreInventory,Bad deal
6019,5999,pre-owned,16610,Automatic,Stainless Steel,Stainless Steel,Submariner,FixedPrice,Good deal
3605,3605,pre-owned,1625,Automatic,Stainless Steel,18k Gold,Datejust,Auction,Good deal
5995,5995,pre-owned,1501,Automatic,Stainless Steel,Stainless Steel,Datejust,StoreInventory,Bad deal
8323,8000,pre-owned,18038,Automatic,18k Gold,18k Gold,President,StoreInventory,Good deal
8750,8700,pre-owned,1803,Automatic,18k Gold,18k Gold,President,Auction,Good deal
4800,4800,pre-owned,114300,Automatic,Stainless Steel,Stainless Steel,Oysterdate,FixedPrice,Good deal
3920,3900,pre-owned,16203,Automatic,Stainless Steel,Leather,Datejust,StoreInventory,Good deal
4900,4900,pre-owned,16263,Automatic,18k Gold,Two Tone 18k Gold,Datejust,FixedPrice,Good deal
3400,3400,pre-owned,16013,Automatic,Stainless Steel,Leather,Datejust,StoreInventory,Good deal
4050,4000,pre-owned,1803,Automatic,18k Gold,18k Gold,President,StoreInventory,Good deal
7045,7000,pre-owned,78273,Automatic,Stainless Steel,18k Gold,Datejust,FixedPrice,Bad deal
8538,8500,pre-owned,5513,Automatic,Stainless Steel,Stainless Steel,Submariner,FixedPrice,Bad deal
7900,7900,pre-owned,1803,Automatic,18k Gold,18k Gold,President,StoreInventory,Good deal
4800,4800,pre-owned,178274,Automatic,Stainless Steel,Stainless Steel,Datejust,StoreInventory,Good deal
6750,6675,new with tags,126300,Automatic,Stainless Steel,Stainless Steel,Datejust,StoreInventory,Bad deal
3030,3000,pre-owned,1601,Automatic,Stainless Steel,Stainless Steel,Datejust,FixedPrice,Good deal
4873,4873,pre-owned,116660,Automatic,Stainless Steel,Stainless Steel,Sea-Dweller,FixedPrice,Good deal
3300,3300,pre-owned,69163,Automatic,Stainless Steel,Two Tone 18k Gold,Datejust,Auction,Bad deal
5405,5405,pre-owned,116610,Automatic,Stainless Steel,Stainless Steel,Submariner,Auction,Good deal
4200,4200,pre-owned,69174,Automatic,Stainless Steel,Stainless Steel,Datejust,FixedPrice,Bad deal
7350,7350,pre-owned,16018,Automatic,18k Gold,Leather,Datejust,StoreInventory,Good deal
10138,10100,pre-owned,1675,Automatic,Stainless Steel,Stainless Steel,GMT-Master,Auction,Bad deal
6393,6393,pre-owned,16610,Automatic,Stainless Steel,Stainless Steel,Submariner,FixedPrice,Good deal
4250,4250,pre-owned,18038,Automatic,18k Gold,18k Gold,Datejust,FixedPrice,Good deal
4299,4299,pre-owned,16013,Automatic,Stainless Steel,18k Gold,Datejust,FixedPrice,Bad deal
4750,4750,pre-owned,114270,Automatic,Stainless Steel,Stainless Steel,Explorer,StoreInventory,Good deal
4350,4350,pre-owned,1601,Automatic,18k Gold,Leather,Datejust,FixedPrice,Bad deal
3348,3333,pre-owned,16013,Automatic,Stainless Steel,18k Gold,Datejust,Auction,Good deal
7950,7950,pre-owned,16613,Automatic,Stainless Steel,Two Tone 18k Gold,Submariner,FixedPrice,Bad deal
6215,6100,pre-owned,116900,Automatic,Stainless Steel,Stainless Steel,Air-King,StoreInventory,Bad deal
3945,3900,pre-owned,69623,Automatic,18k Gold,Two Tone 18k Gold,Yachmaster,StoreInventory,Good deal
9521,9500,pre-owned,16610,Automatic,Stainless Steel,Stainless Steel,Submariner,Auction,Bad deal
5800,5800,pre-owned,6694,Automatic,Stainless Steel,Stainless Steel,Oysterdate,StoreInventory,Bad deal
4350,4350,pre-owned,4233,Automatic,18k Gold,Crocodile,Cellini,StoreInventory,Bad deal
3500,3500,pre-owned,169622,Automatic,Stainless Steel,Stainless Steel,Yachmaster,FixedPrice,Good deal
7475,7420,pre-owned,116610,Automatic,Stainless Steel,Stainless Steel,Submariner,Auction,Good deal
6511,6511,pre-owned,16013,Automatic,Stainless Steel,18k Gold,Datejust,Auction,Bad deal
3325,3250,pre-owned,68240,Automatic,Stainless Steel,Stainless Steel,Datejust,Auction,Bad deal
7550,7500,pre-owned,116610,Automatic,Stainless Steel,Stainless Steel,Submariner,FixedPrice,Good deal
7895,7895,pre-owned,116610,Automatic,Stainless Steel,Stainless Steel,Submariner,FixedPrice,Good deal
3278,3278,pre-owned,1601,Automatic,18k Gold,Leather,Datejust,Auction,Bad deal
5000,5000,pre-owned,178274,Automatic,Stainless Steel,Stainless Steel,Datejust,FixedPrice,Good deal
4800,4800,pre-owned,114300,Automatic,Stainless Steel,Stainless Steel,Datejust,FixedPrice,Good deal
5025,5000,pre-owned,18038,Automatic,18k Gold,18k Gold,President,FixedPrice,Good deal
3050,3050,pre-owned,16014,Automatic,Stainless Steel,Stainless Steel,Datejust,Auction,Good deal
7900,7900,pre-owned,16613,Automatic,Stainless Steel,Two Tone 18k Gold,Submariner,FixedPrice,Bad deal
3350,3350,pre-owned,1500,Automatic,18k Gold,18k Gold,Datejust,StoreInventory,Bad deal
9695,9695,new with tags,116610,Automatic,Stainless Steel,Stainless Steel,Submariner,StoreInventory,Bad deal
3295,3295,pre-owned,1601,Automatic,18k Gold,Leather,Datejust,Auction,Bad deal
3000,3000,pre-owned,15210,Automatic,Stainless Steel,Stainless Steel,Datejust,StoreInventory,Good deal
3505,3495,pre-owned,16263,Automatic,Stainless Steel,Two Tone 18k Gold,Datejust,Auction,Good deal
3023,3008,pre-owned,1601,Automatic,Silver,Stainless Steel,Datejust,Auction,Good deal
10000,10000,pre-owned,18078,Automatic,18k Gold,18k Gold,President,StoreInventory,Bad deal
6000,6000,pre-owned,16803,Automatic,Stainless Steel,Stainless Steel,Submariner,StoreInventory,Good deal
6311,6311,pre-owned,18038,Automatic,18k Gold,18k Gold,President,FixedPrice,Good deal
6000,6000,pre-owned,68273,Automatic,Stainless Steel,18k Gold,Datejust,StoreInventory,Bad deal
3600,3600,pre-owned,1601,Automatic,18k Gold,Leather,Datejust,StoreInventory,Bad deal
3815,3750,pre-owned,1550,Automatic,18k Gold,Leather,Datejust,FixedPrice,Bad deal
4995,4995,pre-owned,168622,Automatic,Stainless Steel,Stainless Steel,Yachmaster,StoreInventory,Good deal
5800,5800,pre-owned,16803,Automatic,Stainless Steel,Stainless Steel,Submariner,StoreInventory,Good deal
4500,4500,pre-owned,69173,Automatic,Stainless Steel,18k Gold,Datejust,StoreInventory,Bad deal
6014,6000,pre-owned,16610,Automatic,Stainless Steel,Stainless Steel,Submariner,StoreInventory,Good deal
3300,3300,pre-owned,1625,Automatic,Stainless Steel,18k Gold,Datejust,Auction,Good deal
5043,5043,pre-owned,16570,Automatic,Stainless Steel,Stainless Steel,Explorer 2,FixedPrice,Good deal
10592,10592,pre-owned,16523,Automatic,18k Gold,18k Gold,Daytona,FixedPrice,Bad deal
7000,7000,new with tags,178274,Automatic,Stainless Steel,Stainless Steel,Datejust,StoreInventory,Bad deal
9390,9380,pre-owned,18038,Automatic,18k Gold,Leather,President,StoreInventory,Good deal
9000,9000,pre-owned,16660,Automatic,Stainless Steel,Stainless Steel,Sea-Dweller,FixedPrice,Bad deal
8985,8985,pre-owned,116660,Automatic,Stainless Steel,Stainless Steel,Sea-Dweller,FixedPrice,Bad deal
6990,6990,pre-owned,18038,Automatic,18k Gold,18k Gold,Datejust,FixedPrice,Good deal
6350,6350,pre-owned,16613,Automatic,Stainless Steel,Two Tone 18k Gold,Submariner,FixedPrice,Good deal
5500,5500,pre-owned,1803,Automatic,18k Gold,18k Gold,President,FixedPrice,Good deal
7925,7900,pre-owned,18239,Automatic,18k Gold,18k Gold,President,FixedPrice,Good deal
8140,8100,pre-owned,1803,Automatic,18k Gold,Leather,President,Auction,Good deal
6500,6500,pre-owned,69173,Automatic,Stainless Steel,Two Tone 10k Gold,Datejust,Auction,Bad deal
4795,4750,pre-owned,116200,Automatic,Stainless Steel,Stainless Steel,Datejust,StoreInventory,Good deal
10700,10700,pre-owned,18239,Automatic,18k Gold,18k Gold,President,FixedPrice,Good deal
3750,3750,pre-owned,16220,Automatic,Stainless Steel,Stainless Steel,Datejust,Auction,Good deal
7500,7500,pre-owned,6517,Automatic,18k Gold,18k Gold,Datejust,Auction,Bad deal
6350,6350,pre-owned,16613,Automatic,Stainless Steel,Two Tone 18k Gold,Submariner,FixedPrice,Good deal
4375,4350,pre-owned,1601,Automatic,18k Gold,Two Tone 18k Gold,Datejust,Auction,Bad deal
7225,7200,pre-owned,116688,Automatic,18k Gold,18k Gold,Yachmaster,Auction,Good deal
5458,5400,pre-owned,216570,Automatic,Stainless Steel,Stainless Steel,Explorer 2,StoreInventory,Good deal
9200,9200,pre-owned,16623,Automatic,18k Gold,18k Gold,Yachmaster,StoreInventory,Bad deal
3689,3689,pre-owned,16014,Automatic,Stainless Steel,Stainless Steel,Datejust,StoreInventory,Good deal
4191,4191,pre-owned,178240,Automatic,Stainless Steel,Stainless Steel,Datejust,Auction,Good deal
3860,3760,pre-owned,116660,Automatic,Stainless Steel,Stainless Steel,Sea-Dweller,StoreInventory,Good deal
7855,7800,pre-owned,116613,Automatic,Stainless Steel,Leather,Submariner,StoreInventory,Good deal
5000,5000,pre-owned,16610,Automatic,Stainless Steel,Stainless Steel,Submariner,Auction,Good deal
8017,8000,pre-owned,116610,Automatic,Stainless Steel,Stainless Steel,Submariner,FixedPrice,Good deal
3455,3400,pre-owned,1601,Automatic,Silver,Stainless Steel,Datejust,Auction,Bad deal
9495,9495,pre-owned,16713,Automatic,Stainless Steel,18k Gold,GMT-Master,FixedPrice,Bad deal
5600,5600,pre-owned,18248,Automatic,18k Gold,Crocodile,President,FixedPrice,Good deal
7029,7000,pre-owned,16622,Automatic,Stainless Steel,Stainless Steel,Yachmaster,StoreInventory,Bad deal
4185,4185,pre-owned,16234,Automatic,Stainless Steel,Stainless Steel,Datejust,StoreInventory,Good deal
6417,6377,pre-owned,16800,Automatic,Stainless Steel,Rubber,Submariner,Auction,Bad deal
8010,8000,pre-owned,16713,Automatic,Stainless Steel,18k Gold,GMT-Master,FixedPrice,Bad deal
3960,3960,pre-owned,15210,Automatic,Stainless Steel,Stainless Steel,Datejust,StoreInventory,Bad deal
6950,6950,pre-owned,16610,Automatic,Stainless Steel,Stainless Steel,Submariner,StoreInventory,Bad deal
5145,5100,pre-owned,116900,Automatic,Stainless Steel,Stainless Steel,Air-King,Auction,Good deal
3875,3875,new without tags,1601,Automatic,Stainless Steel,Stainless Steel,Datejust,StoreInventory,Bad deal
6200,6200,pre-owned,15203,Automatic,Stainless Steel,18k Gold,Datejust,FixedPrice,Bad deal
5495,5495,pre-owned,116610,Automatic,Stainless Steel,Stainless Steel,Submariner,FixedPrice,Good deal
9400,9400,pre-owned,16750,Automatic,Stainless Steel,Stainless Steel,GMT-Master,Auction,Bad deal
3287,3212,pre-owned,1550,Automatic,18k Gold,Leather,Datejust,Auction,Bad deal
5009,4950,pre-owned,116000,Automatic,Stainless Steel,Stainless Steel,Oysterdate,FixedPrice,Bad deal
9035,9000,pre-owned,18078,Automatic,18k Gold,18k Gold,President,FixedPrice,Bad deal
7525,7525,pre-owned,216570,Automatic,Stainless Steel,Stainless Steel,Explorer 2,FixedPrice,Bad deal
8000,8000,pre-owned,178271,Automatic,18k Gold,18k Gold,Datejust,StoreInventory,Bad deal
4300,4300,pre-owned,69278,Automatic,18k Gold,18k Gold,President,StoreInventory,Good deal
4500,4500,pre-owned,168622,Automatic,Stainless Steel,Stainless Steel,Yachmaster,StoreInventory,Good deal
2420,2400,pre-owned,16013,Automatic,Stainless Steel,Crocodile,Datejust,Auction,Good deal
7201,7201,pre-owned,116334,Automatic,Stainless Steel,Stainless Steel,Datejust,FixedPrice,Bad deal
3503,3499,pre-owned,16030,Automatic,Stainless Steel,Two Tone 10k Gold,Datejust,StoreInventory,Bad deal
3860,3735,pre-owned,16234,Automatic,Stainless Steel,Stainless Steel,Datejust,StoreInventory,Good deal
4700,4700,pre-owned,14000,Automatic,Stainless Steel,Stainless Steel,Air-King,FixedPrice,Bad deal
6350,6350,new with tags,116900,Automatic,Stainless Steel,Stainless Steel,Air-King,StoreInventory,Bad deal
6700,6700,pre-owned,79163,Automatic,Stainless Steel,Two Tone 18k Gold,Datejust,Auction,Bad deal
8800,8710,pre-owned,1601,Automatic,Stainless Steel,Stainless Steel,Datejust,Auction,Bad deal
4200,4200,pre-owned,16013,Automatic,Stainless Steel,18k Gold,Datejust,Auction,Bad deal
6975,6900,pre-owned,16610,Automatic,Stainless Steel,Stainless Steel,Submariner,FixedPrice,Bad deal
4500,4500,pre-owned,69623,Automatic,Stainless Steel,18k Gold,Yachmaster,StoreInventory,Bad deal
5247,5195,pre-owned,16610,Automatic,Stainless Steel,Stainless Steel,Submariner,StoreInventory,Good deal
3000,3000,pre-owned,1603,Automatic,Stainless Steel,Rubber,Datejust,Auction,Bad deal
4250,4250,pre-owned,16014,Automatic,Stainless Steel,Stainless Steel,Datejust,StoreInventory,Bad deal
5026,5000,pre-owned,1601,Automatic,18k Gold,Leather,Datejust,StoreInventory,Bad deal
7000,7000,pre-owned,16622,Automatic,Platinum,Stainless Steel,Yachmaster,StoreInventory,Bad deal
10370,10300,pre-owned,16613,Automatic,Stainless Steel,Two Tone 18k Gold,Submariner,FixedPrice,Bad deal
3250,3250,pre-owned,1803,Automatic,18k Gold,18k Gold,President,FixedPrice,Good deal
7100,7100,new with tags,126300,Automatic,Stainless Steel,Stainless Steel,Datejust,FixedPrice,Bad deal
10000,10000,pre-owned,1803,Automatic,18k Gold,18k Gold,President,Auction,Bad deal
4450,4450,pre-owned,116000,Automatic,Stainless Steel,Stainless Steel,Oysterdate,StoreInventory,Bad deal
6292,6292,pre-owned,16610,Automatic,Stainless Steel,Stainless Steel,Submariner,FixedPrice,Good deal
5850,5850,pre-owned,116233,Automatic,Stainless Steel,18k Gold,Datejust,FixedPrice,Good deal
7201,7201,pre-owned,116334,Automatic,Stainless Steel,Stainless Steel,Datejust,FixedPrice,Bad deal
3503,3499,pre-owned,16030,Automatic,Stainless Steel,Two Tone 10k Gold,Datejust,StoreInventory,Bad deal
4700,4700,pre-owned,14000,Automatic,Stainless Steel,Stainless Steel,Air-King,FixedPrice,Bad deal
6350,6350,new with tags,116900,Automatic,Stainless Steel,Stainless Steel,Air-King,StoreInventory,Bad deal
6700,6700,pre-owned,79163,Automatic,Stainless Steel,Two Tone 18k Gold,Datejust,Auction,Bad deal
8800,8710,pre-owned,1601,Automatic,Stainless Steel,Stainless Steel,Datejust,Auction,Bad deal
4200,4200,pre-owned,16013,Automatic,Stainless Steel,18k Gold,Datejust,Auction,Bad deal
6975,6900,pre-owned,16610,Automatic,Stainless Steel,Stainless Steel,Submariner,FixedPrice,Bad deal
4500,4500,pre-owned,69623,Automatic,Stainless Steel,18k Gold,Yachmaster,StoreInventory,Bad deal
3000,3000,pre-owned,1603,Automatic,Stainless Steel,Stainless Steel,Datejust,Auction,Bad deal
4250,4250,pre-owned,16014,Automatic,Stainless Steel,Stainless Steel,Datejust,StoreInventory,Bad deal
5026,5000,pre-owned,1601,Automatic,18k Gold,Leather,Datejust,StoreInventory,Bad deal
7000,7000,pre-owned,16622,Automatic,Platinum,Stainless Steel,Yachmaster,StoreInventory,Bad deal
10370,10300,pre-owned,16613,Automatic,Stainless Steel,Two Tone 18k Gold,Submariner,FixedPrice,Bad deal
3250,3250,pre-owned,1803,Automatic,18k Gold,18k Gold,President,FixedPrice,Good deal
7100,7100,new with tags,126300,Automatic,Stainless Steel,Stainless Steel,Datejust,FixedPrice,Bad deal
10000,10000,pre-owned,1803,Automatic,18k Gold,18k Gold,President,Auction,Bad deal
4450,4450,pre-owned,116000,Automatic,Stainless Steel,Stainless Steel,Oysterdate,StoreInventory,Bad deal
6292,6292,pre-owned,16610,Automatic,Stainless Steel,Stainless Steel,Submariner,FixedPrice,Good deal
5850,5850,pre-owned,116233,Automatic,Stainless Steel,18k Gold,Datejust,FixedPrice,Good deal
5000,5000,pre-owned,69178,Automatic,18k Gold,18k Gold,Datejust,FixedPrice,Good deal
4495,4450,pre-owned,16570,Automatic,Stainless Steel,Stainless Steel,Explorer 2,Auction,Good deal
5343,5193,pre-owned,16570,Automatic,Stainless Steel,Stainless Steel,Explorer 2,FixedPrice,Good deal
8000,8000,pre-owned,114060,Automatic,Stainless Steel,Stainless Steel,Submariner,StoreInventory,Good deal
3900,3900,pre-owned,114270,Automatic,Stainless Steel,Stainless Steel,Explorer,FixedPrice,Good deal
4750,4750,pre-owned,1500,Automatic,Stainless Steel,Stainless Steel,Datejust,StoreInventory,Bad deal
7950,7950,pre-owned,16613,Automatic,Stainless Steel,Two Tone 18k Gold,Submariner,FixedPrice,Bad deal
6215,6100,pre-owned,69173,Automatic,18k Gold,Two Tone 18k Gold,Datejust,StoreInventory,Bad deal
3945,3900,pre-owned,69623,Automatic,18k Gold,Two Tone 18k Gold,Yachmaster,StoreInventory,Good deal
9521,9500,pre-owned,16610,Automatic,Stainless Steel,Stainless Steel,Submariner,Auction,Bad deal
6800,6800,pre-owned,116334,Automatic,18k Gold,Stainless Steel,Datejust,FixedPrice,Good deal
4350,4350,pre-owned,4233,Automatic,18k Gold,Crocodile,Cellini,StoreInventory,Bad deal
3500,3500,pre-owned,169622,Automatic,Stainless Steel,Stainless Steel,Yachmaster,FixedPrice,Good deal
8000,8000,pre-owned,114060,Automatic,Stainless Steel,Stainless Steel,Submariner,StoreInventory,Good deal
3900,3900,pre-owned,114270,Automatic,Stainless Steel,Stainless Steel,Explorer,FixedPrice,Good deal
4750,4750,pre-owned,1500,Automatic,Stainless Steel,Stainless Steel,Datejust,StoreInventory,Bad deal
7950,7950,pre-owned,16613,Automatic,Stainless Steel,Two Tone 18k Gold,Submariner,FixedPrice,Bad deal
6215,6100,pre-owned,69173,Automatic,18k Gold,Two Tone 18k Gold,Datejust,StoreInventory,Bad deal
9521,9500,pre-owned,16610,Automatic,Stainless Steel,Stainless Steel,Submariner,Auction,Bad deal
5800,5800,pre-owned,6694,Automatic,Stainless Steel,Stainless Steel,Oysterdate,StoreInventory,Bad deal
6800,6800,pre-owned,116334,Automatic,18k Gold,Stainless Steel,Datejust,FixedPrice,Good deal
4350,4350,pre-owned,4233,Automatic,18k Gold,Crocodile,Cellini,StoreInventory,Bad deal
3500,3500,pre-owned,169622,Automatic,Stainless Steel,Stainless Steel,Yachmaster,FixedPrice,Good deal
7950,7950,pre-owned,16613,Automatic,Stainless Steel,Two Tone 18k Gold,Submariner,FixedPrice,Bad deal
6215,6100,pre-owned,69173,Automatic,18k Gold,Two Tone 18k Gold,Datejust,StoreInventory,Bad deal
3945,3900,pre-owned,69623,Automatic,18k Gold,Two Tone 18k Gold,Yachmaster,StoreInventory,Good deal
9521,9500,pre-owned,16610,Automatic,Stainless Steel,Stainless Steel,Submariner,Auction,Bad deal
5800,5800,pre-owned,6694,Automatic,Stainless Steel,Stainless Steel,Oysterdate,StoreInventory,Bad deal
4350,4350,pre-owned,4233,Automatic,18k Gold,Crocodile,Cellini,StoreInventory,Bad deal
3500,3500,pre-owned,169622,Automatic,Stainless Steel,Stainless Steel,Yachmaster,FixedPrice,Good deal
7475,7420,pre-owned,116610,Automatic,Stainless Steel,Stainless Steel,Submariner,Auction,Good deal
6511,6511,pre-owned,16013,Automatic,Stainless Steel,18k Gold,Datejust,Auction,Bad deal
3325,3250,pre-owned,68240,Automatic,Stainless Steel,Stainless Steel,Datejust,Auction,Bad deal
7550,7500,pre-owned,116610,Automatic,Stainless Steel,Stainless Steel,Submariner,FixedPrice,Good deal
7895,7895,pre-owned,116610,Automatic,Stainless Steel,Stainless Steel,Submariner,FixedPrice,Good deal
3278,3278,pre-owned,1601,Automatic,18k Gold,Two Tone 18k Gold,Datejust,Auction,Bad deal
5000,5000,pre-owned,178274,Automatic,Stainless Steel,Stainless Steel,Datejust,FixedPrice,Good deal
5400,5400,new with tags,178240,Automatic,Stainless Steel,Stainless Steel,Datejust,StoreInventory,Bad deal
7950,7950,pre-owned,16613,Automatic,Stainless Steel,Two Tone 18k Gold,Submariner,FixedPrice,Bad deal
6215,6100,pre-owned,69173,Automatic,18k Gold,Two Tone 18k Gold,Datejust,StoreInventory,Bad deal
3945,3900,pre-owned,69623,Automatic,18k Gold,Two Tone 18k Gold,Yachmaster,StoreInventory,Good deal
9521,9500,pre-owned,16610,Automatic,Stainless Steel,Stainless Steel,Submariner,Auction,Bad deal
5800,5800,pre-owned,6694,Automatic,Stainless Steel,Stainless Steel,Oysterdate,StoreInventory,Bad deal
4350,4350,pre-owned,4233,Automatic,18k Gold,Crocodile,Cellini,StoreInventory,Bad deal
3500,3500,pre-owned,169622,Automatic,Stainless Steel,Stainless Steel,Yachmaster,FixedPrice,Good deal
7475,7420,pre-owned,116610,Automatic,Stainless Steel,Stainless Steel,Submariner,Auction,Good deal
6511,6511,pre-owned,16013,Automatic,Stainless Steel,Two Tone 18k Gold,Datejust,Auction,Bad deal
3325,3250,pre-owned,68240,Automatic,Stainless Steel,Stainless Steel,Datejust,Auction,Bad deal
7550,7500,pre-owned,116610,Automatic,Stainless Steel,Stainless Steel,Submariner,FixedPrice,Good deal
7895,7895,pre-owned,116610,Automatic,Stainless Steel,Stainless Steel,Submariner,FixedPrice,Good deal
3278,3278,pre-owned,1601,Automatic,18k Gold,Two Tone 18k Gold,Datejust,Auction,Bad deal
5400,5400,new with tags,178240,Automatic,Stainless Steel,Stainless Steel,Datejust,StoreInventory,Bad deal
8000,8000,pre-owned,114060,Automatic,Stainless Steel,Stainless Steel,Submariner,StoreInventory,Good deal
3900,3900,pre-owned,114270,Automatic,Stainless Steel,Stainless Steel,Explorer,FixedPrice,Good deal
4750,4750,pre-owned,1500,Automatic,Stainless Steel,Stainless Steel,Datejust,StoreInventory,Bad deal
7950,7950,pre-owned,16613,Automatic,Stainless Steel,Two Tone 18k Gold,Submariner,FixedPrice,Bad deal
6215,6100,pre-owned,69173,Automatic,18k Gold,Two Tone 18k Gold,Datejust,StoreInventory,Bad deal
3945,3900,pre-owned,69623,Automatic,18k Gold,Two Tone 18k Gold,Yachmaster,StoreInventory,Good deal
9521,9500,pre-owned,16610,Automatic,Stainless Steel,Stainless Steel,Submariner,Auction,Bad deal
5800,5800,pre-owned,6694,Automatic,Stainless Steel,Stainless Steel,Oysterdate,StoreInventory,Bad deal
6800,6800,pre-owned,116334,Automatic,18k Gold,Stainless Steel,Datejust,FixedPrice,Good deal
4350,4350,pre-owned,4233,Automatic,18k Gold,Crocodile,Cellini,StoreInventory,Bad deal
8000,8000,pre-owned,114060,Automatic,Stainless Steel,Stainless Steel,Submariner,StoreInventory,Good deal
3900,3900,pre-owned,114270,Automatic,Stainless Steel,Stainless Steel,Explorer,FixedPrice,Good deal
4750,4750,pre-owned,1500,Automatic,Stainless Steel,Stainless Steel,Datejust,StoreInventory,Bad deal
7950,7950,pre-owned,16613,Automatic,Stainless Steel,Two Tone 18k Gold,Submariner,FixedPrice,Bad deal
6215,6100,pre-owned,69173,Automatic,18k Gold,Two Tone 18k Gold,Datejust,StoreInventory,Bad deal
3945,3900,pre-owned,69623,Automatic,18k Gold,Two Tone 18k Gold,Yachmaster,StoreInventory,Good deal
9521,9500,pre-owned,16610,Automatic,Stainless Steel,Stainless Steel,Submariner,Auction,Bad deal
6800,6800,pre-owned,116334,Automatic,18k Gold,Stainless Steel,Datejust,FixedPrice,Good deal
4350,4350,pre-owned,4233,Automatic,18k Gold,Crocodile,Cellini,StoreInventory,Bad deal
8000,8000,pre-owned,114060,Automatic,Stainless Steel,Stainless Steel,Submariner,StoreInventory,Good deal
3900,3900,pre-owned,114270,Automatic,Stainless Steel,Stainless Steel,Explorer,FixedPrice,Good deal
4750,4750,pre-owned,1500,Automatic,Stainless Steel,Stainless Steel,Datejust,StoreInventory,Bad deal
7950,7950,pre-owned,16613,Automatic,Stainless Steel,Two Tone 18k Gold,Submariner,FixedPrice,Bad deal
5212,5200,pre-owned,6517,Automatic,Stainless Steel,18k Gold,President,StoreInventory,Bad deal
6215,6100,pre-owned,69173,Automatic,18k Gold,Two Tone 18k Gold,Datejust,StoreInventory,Bad deal
3945,3900,pre-owned,69623,Automatic,18k Gold,Two Tone 18k Gold,Yachmaster,StoreInventory,Good deal
9521,9500,pre-owned,16610,Automatic,Stainless Steel,Stainless Steel,Submariner,Auction,Bad deal
5800,5800,pre-owned,6694,Automatic,Stainless Steel,Stainless Steel,Oysterdate,StoreInventory,Bad deal
6800,6800,pre-owned,116334,Automatic,18k Gold,Stainless Steel,Datejust,FixedPrice,Good deal
4350,4350,pre-owned,4233,Automatic,18k Gold,Crocodile,Cellini,StoreInventory,Bad deal
8000,8000,pre-owned,114060,Automatic,Stainless Steel,Stainless Steel,Submariner,StoreInventory,Good deal
3900,3900,pre-owned,114270,Automatic,Stainless Steel,Stainless Steel,Explorer,FixedPrice,Good deal
4750,4750,pre-owned,1500,Automatic,Stainless Steel,Stainless Steel,Datejust,StoreInventory,Bad deal
7950,7950,pre-owned,16613,Automatic,Stainless Steel,Two Tone 18k Gold,Submariner,FixedPrice,Bad deal
5000,5000,pre-owned,69178,Automatic,18k Gold,18k Gold,Datejust,FixedPrice,Good deal
6215,6100,pre-owned,69173,Automatic,18k Gold,Two Tone 18k Gold,Datejust,StoreInventory,Bad deal
3945,3900,pre-owned,69623,Automatic,18k Gold,Two Tone 18k Gold,Yachmaster,StoreInventory,Good deal
9521,9500,pre-owned,16610,Automatic,Stainless Steel,Stainless Steel,Submariner,Auction,Bad deal
6800,6800,pre-owned,116334,Automatic,18k Gold,Stainless Steel,Datejust,FixedPrice,Good deal
4350,4350,pre-owned,4233,Automatic,18k Gold,Crocodile,Cellini,StoreInventory,Bad deal
6393,6393,pre-owned,16610,Automatic,Stainless Steel,Stainless Steel,Submariner,FixedPrice,Good deal
8000,8000,pre-owned,114060,Automatic,Stainless Steel,Stainless Steel,Submariner,StoreInventory,Good deal
3500,3500,pre-owned,1601,Automatic,Stainless Steel,Two Tone 18k Gold,Datejust,FixedPrice,Bad deal
3900,3900,pre-owned,114270,Automatic,Stainless Steel,Stainless Steel,Explorer,FixedPrice,Good deal
4750,4750,pre-owned,1500,Automatic,Stainless Steel,Stainless Steel,Datejust,StoreInventory,Bad deal
7950,7950,pre-owned,16613,Automatic,Stainless Steel,Two Tone 18k Gold,Submariner,FixedPrice,Bad deal
6215,6100,pre-owned,69173,Automatic,18k Gold,Two Tone 18k Gold,Datejust,StoreInventory,Bad deal
3945,3900,pre-owned,69623,Automatic,18k Gold,Two Tone 18k Gold,Yachmaster,StoreInventory,Good deal
9521,9500,pre-owned,16610,Automatic,Stainless Steel,Stainless Steel,Submariner,Auction,Bad deal
5800,5800,pre-owned,6694,Automatic,Stainless Steel,Stainless Steel,Oysterdate,StoreInventory,Bad deal
6800,6800,pre-owned,116334,Automatic,18k Gold,Stainless Steel,Datejust,FixedPrice,Good deal
6393,6393,pre-owned,16610,Automatic,Stainless Steel,Stainless Steel,Submariner,FixedPrice,Good deal
8000,8000,pre-owned,114060,Automatic,Stainless Steel,Stainless Steel,Submariner,StoreInventory,Good deal
3900,3900,pre-owned,114270,Automatic,Stainless Steel,Stainless Steel,Explorer,FixedPrice,Good deal
4750,4750,pre-owned,1500,Automatic,Stainless Steel,Stainless Steel,Datejust,StoreInventory,Bad deal
7950,7950,pre-owned,16613,Automatic,Stainless Steel,Two Tone 18k Gold,Submariner,FixedPrice,Bad deal
6215,6100,pre-owned,69173,Automatic,18k Gold,Two Tone 18k Gold,Datejust,StoreInventory,Bad deal
3945,3900,pre-owned,69623,Automatic,18k Gold,Two Tone 18k Gold,Yachmaster,StoreInventory,Good deal
9521,9500,pre-owned,16610,Automatic,Stainless Steel,Stainless Steel,Submariner,Auction,Bad deal
6800,6800,pre-owned,116334,Automatic,18k Gold,Stainless Steel,Datejust,FixedPrice,Good deal
6393,6393,pre-owned,16610,Automatic,Stainless Steel,Stainless Steel,Submariner,FixedPrice,Good deal
8000,8000,pre-owned,114060,Automatic,Stainless Steel,Stainless Steel,Submariner,StoreInventory,Good deal
3900,3900,pre-owned,114270,Automatic,Stainless Steel,Stainless Steel,Explorer,FixedPrice,Good deal
4750,4750,pre-owned,1500,Automatic,Stainless Steel,Stainless Steel,Datejust,StoreInventory,Bad deal
7950,7950,pre-owned,16613,Automatic,Stainless Steel,Two Tone 18k Gold,Submariner,FixedPrice,Bad deal
6215,6100,pre-owned,69173,Automatic,18k Gold,Two Tone 18k Gold,Datejust,StoreInventory,Bad deal
3945,3900,pre-owned,69623,Automatic,18k Gold,Two Tone 18k Gold,Yachmaster,StoreInventory,Good deal
9521,9500,pre-owned,16610,Automatic,Stainless Steel,Stainless Steel,Submariner,Auction,Bad deal
5800,5800,pre-owned,6694,Automatic,Stainless Steel,Stainless Steel,Oysterdate,StoreInventory,Bad deal
6800,6800,pre-owned,116334,Automatic,18k Gold,Stainless Steel,Datejust,FixedPrice,Good deal
8000,8000,pre-owned,114060,Automatic,Stainless Steel,Stainless Steel,Submariner,StoreInventory,Good deal
3900,3900,pre-owned,114270,Automatic,Stainless Steel,Stainless Steel,Explorer,FixedPrice,Good deal
4750,4750,pre-owned,1500,Automatic,Stainless Steel,Stainless Steel,Datejust,StoreInventory,Bad deal
7950,7950,pre-owned,16613,Automatic,Stainless Steel,Two Tone 18k Gold,Submariner,FixedPrice,Bad deal
6215,6100,pre-owned,69173,Automatic,Stainless Steel,Two Tone 18k Gold,Datejust,StoreInventory,Bad deal
3945,3900,pre-owned,69623,Automatic,18k Gold,Two Tone 18k Gold,Yachmaster,StoreInventory,Good deal
9521,9500,pre-owned,16610,Automatic,Stainless Steel,Stainless Steel,Submariner,Auction,Bad deal
6800,6800,pre-owned,116334,Automatic,18k Gold,Stainless Steel,Datejust,FixedPrice,Good deal
3300,3300,pre-owned,1603,Automatic,Stainless Steel,Stainless Steel,Datejust,StoreInventory,Bad deal
4975,4900,pre-owned,16233,Automatic,18k Gold,Two Tone 18k Gold,Datejust,Auction,Bad deal
5400,5400,pre-owned,16014,Automatic,Stainless Steel,Stainless Steel,Datejust,StoreInventory,Bad deal
5000,5000,pre-owned,1803,Automatic,18k Gold,18k Gold,President,FixedPrice,Good deal
3044,3009,pre-owned,17014,Quartz,Stainless Steel,Stainless Steel,Datejust,Auction,Good deal
7650,7650,pre-owned,179173,Automatic,Stainless Steel,18k Gold,Datejust,StoreInventory,Bad deal
3650,3650,pre-owned,16014,Automatic,Stainless Steel,Stainless Steel,Datejust,StoreInventory,Good deal
4810,4800,pre-owned,1803,Automatic,18k Gold,18k Gold,President,Auction,Good deal
10390,10350,pre-owned,69173,Automatic,Stainless Steel,Two Tone 10k Gold,Datejust,StoreInventory,Bad deal
6500,6500,new with tags,116900,Automatic,Stainless Steel,Stainless Steel,Air-King,StoreInventory,Bad deal
9000,9000,new with tags,1601,Automatic,Stainless Steel,Leather,Datejust,Auction,Bad deal
9000,9000,new with tags,16253,Automatic,Stainless Steel,Two Tone 18k Gold,Datejust,FixedPrice,Bad deal
8295,8295,pre-owned,16613,Automatic,Stainless Steel,Two Tone 18k Gold,Submariner,StoreInventory,Bad deal
6393,6393,pre-owned,16570,Automatic,Stainless Steel,Stainless Steel,Explorer 2,FixedPrice,Bad deal
11800,11700,pre-owned,116610,Automatic,Stainless Steel,Stainless Steel,Submariner,FixedPrice,Bad deal
2947,2800,pre-owned,16030,Automatic,Stainless Steel,Stainless Steel,Datejust,FixedPrice,Good deal
3825,3825,pre-owned,1601,Automatic,Stainless Steel,Stainless Steel,Datejust,FixedPrice,Bad deal
6700,6600,pre-owned,1803,Automatic,18k Gold,18k Gold,President,FixedPrice,Good deal
8500,8500,pre-owned,18038,Automatic,18k Gold,Leather,President,FixedPrice,Good deal
3550,3550,pre-owned,1603,Automatic,Stainless Steel,Stainless Steel,Datejust,Auction,Bad deal
10695,10695,pre-owned,1601,Automatic,Stainless Steel,Leather,Datejust,StoreInventory,Bad deal
6015,6000,pre-owned,1803,Automatic,18k Gold,18k Gold,President,StoreInventory,Good deal
7815,7800,pre-owned,16800,Automatic,Stainless Steel,Stainless Steel,Submariner,StoreInventory,Bad deal
10555,10500,new with tags,116233,Automatic,Stainless Steel,18k Gold,Datejust,StoreInventory,Bad deal
6495,6495,pre-owned,69178,Automatic,18k Gold,18k Gold,Datejust,FixedPrice,Bad deal
3300,3250,pre-owned,1603,Automatic,Stainless Steel,Stainless Steel,Datejust,FixedPrice,Bad deal
3299,3199,pre-owned,16233,Automatic,18k Gold,Two Tone 18k Gold,Datejust,Auction,Good deal
6700,6700,pre-owned,1500,Automatic,Stainless Steel,Leather,Datejust,StoreInventory,Bad deal
3399,3399,pre-owned,69173,Automatic,Stainless Steel,Two Tone 10k Gold,Datejust,FixedPrice,Bad deal
8474,8399,pre-owned,116610,Automatic,Stainless Steel,Stainless Steel,Submariner,StoreInventory,Good deal
6295,6295,pre-owned,14060,Automatic,Stainless Steel,Stainless Steel,Submariner,StoreInventory,Good deal
6450,6450,pre-owned,214270,Automatic,Stainless Steel,Stainless Steel,Explorer,StoreInventory,Bad deal
5688,5688,pre-owned,69178,Automatic,18k Gold,18k Gold,Datejust,StoreInventory,Bad deal
3325,3325,pre-owned,114200,Automatic,Stainless Steel,Stainless Steel,Air-King,FixedPrice,Good deal
3330,3300,pre-owned,1603,Automatic,Stainless Steel,Stainless Steel,Datejust,Auction,Bad deal
3100,3100,pre-owned,5500,Automatic,Stainless Steel,Stainless Steel,Explorer,FixedPrice,Good deal
3650,3650,pre-owned,1601,Automatic,Stainless Steel,Stainless Steel,Datejust,FixedPrice,Bad deal
7550,7450,pre-owned,1675,Automatic,Stainless Steel,Stainless Steel,GMT-Master,Auction,Bad deal
3550,3550,pre-owned,14000,Automatic,Stainless Steel,Stainless Steel,Air-King,StoreInventory,Good deal
8735,8700,pre-owned,116710,Automatic,Stainless Steel,Stainless Steel,GMT-Master,StoreInventory,Good deal
11922,11922,pre-owned,116613,Automatic,18k Gold,18k Gold,Submariner,FixedPrice,Bad deal
6850,6800,pre-owned,216570,Automatic,Stainless Steel,Stainless Steel,Explorer 2,StoreInventory,Good deal
11450,11450,pre-owned,116523,Automatic,18k Gold,18k Gold,Daytona,StoreInventory,Bad deal
3134,3134,pre-owned,1505,Automatic,Stainless Steel,Two Tone 10k Gold,Datejust,StoreInventory,Good deal
4494,4494,pre-owned,16570,Automatic,Stainless Steel,Stainless Steel,Explorer 2,Auction,Good deal
3600,3600,pre-owned,1601,Automatic,Stainless Steel,Two Tone 10k Gold,Datejust,FixedPrice,Bad deal
6550,6550,pre-owned,16610,Automatic,Stainless Steel,Stainless Steel,Submariner,FixedPrice,Good deal
3471,3450,pre-owned,1601,Automatic,Stainless Steel,Stainless Steel,Datejust,Auction,Bad deal
4485,4485,pre-owned,1601,Automatic,Stainless Steel,Leather,Datejust,StoreInventory,Bad deal
3180,3180,pre-owned,17014,Quartz,Stainless Steel,Stainless Steel,Datejust,StoreInventory,Good deal
3200,3200,pre-owned,1505,Automatic,Stainless Steel,Two Tone 10k Gold,Datejust,StoreInventory,Good deal
6740,6700,pre-owned,16622,Automatic,Platinum,Stainless Steel,Yachmaster,Auction,Bad deal
3150,3150,pre-owned,14270,Automatic,Stainless Steel,Stainless Steel,Explorer,FixedPrice,Good deal
6899,6899,pre-owned,16610,Automatic,Stainless Steel,Stainless Steel,Submariner,FixedPrice,Bad deal
3950,3950,pre-owned,1603,Automatic,Stainless Steel,Stainless Steel,Datejust,FixedPrice,Bad deal
7375,7300,pre-owned,16753,Automatic,Stainless Steel,18k Gold,GMT-Master,StoreInventory,Bad deal
3150,3150,pre-owned,1601,Automatic,Stainless Steel,Two Tone 10k Gold,Datejust,FixedPrice,Bad deal
6493,6493,pre-owned,1601,Automatic,Stainless Steel,Stainless Steel,Datejust,FixedPrice,Bad deal
4500,4500,pre-owned,6517,Automatic,Stainless Steel,Two Tone 14k Gold,Datejust,Auction,Bad deal
6500,6500,pre-owned,16610,Automatic,Stainless Steel,Stainless Steel,Submariner,StoreInventory,Good deal
4250,4250,pre-owned,69178,Automatic,18k Gold,18k Gold,Datejust,FixedPrice,Good deal
3017,3000,pre-owned,1601,Automatic,Stainless Steel,Stainless Steel,Datejust,StoreInventory,Good deal
7875,7800,pre-owned,16018,Automatic,18k Gold,Leather,Datejust,StoreInventory,Bad deal
3250,3250,pre-owned,1603,Automatic,Stainless Steel,Stainless Steel,Datejust,FixedPrice,Bad deal
6143,6143,pre-owned,14060,Automatic,Stainless Steel,Stainless Steel,Submariner,FixedPrice,Good deal
4500,4500,pre-owned,1603,Automatic,Stainless Steel,Stainless Steel,Datejust,FixedPrice,Bad deal
4680,4650,new with tags,114300,Automatic,Stainless Steel,Stainless Steel,Oysterdate,Auction,Good deal
3800,3800,pre-owned,1601,Automatic,Stainless Steel,Stainless Steel,Datejust,StoreInventory,Bad deal
11549,11549,pre-owned,1803,Automatic,18k Gold,18k Gold,President,StoreInventory,Bad deal
7500,7500,pre-owned,69178,Automatic,18k Gold,18k Gold,Datejust,StoreInventory,Bad deal
8950,8900,pre-owned,16610,Automatic,Stainless Steel,Stainless Steel,Submariner,Auction,Bad deal
8392,8392,pre-owned,16700,Automatic,Stainless Steel,Stainless Steel,GMT-Master,FixedPrice,Good deal
11145,11000,pre-owned,116201,Automatic,18k Gold,18k Gold,Datejust,FixedPrice,Bad deal
7045,7000,pre-owned,214270,Automatic,Stainless Steel,Stainless Steel,Explorer,FixedPrice,Bad deal
7045,7000,pre-owned,214270,Automatic,Stainless Steel,Stainless Steel,Explorer,FixedPrice,Bad deal
5800,5800,pre-owned,1601,Automatic,Stainless Steel,Leather,Datejust,Auction,Bad deal
8292,8292,pre-owned,126334,Automatic,18k Gold,Stainless Steel,Datejust,FixedPrice,Bad deal
7567,7567,pre-owned,1601,Automatic,Stainless Steel,Leather,Datejust,Auction,Bad deal
3950,3950,pre-owned,1601,Automatic,Stainless Steel,Stainless Steel,Datejust,FixedPrice,Bad deal
6650,6650,pre-owned,16013,Automatic,Stainless Steel,Two Tone 18k Gold,Datejust,FixedPrice,Bad deal
4512,4500,pre-owned,5500,Automatic,Stainless Steel,Stainless Steel,Explorer,StoreInventory,Bad deal
10200,10200,pre-owned,126334,Automatic,Stainless Steel,Stainless Steel,Datejust,FixedPrice,Bad deal
3418,3400,pre-owned,16030,Automatic,Stainless Steel,Stainless Steel,Datejust,FixedPrice,Bad deal
4502,4502,pre-owned,1807,Automatic,18k Gold,Leather,President,Auction,Good deal
7500,7500,pre-owned,69178,Automatic,18k Gold,18k Gold,Datejust,StoreInventory,Bad deal
4350,4350,pre-owned,116200,Automatic,Stainless Steel,Stainless Steel,Datejust,StoreInventory,Good deal
2826,2800,pre-owned,69173,Automatic,Stainless Steel,Two Tone 10k Gold,Datejust,StoreInventory,Good deal
11450,11450,pre-owned,116523,Automatic,18k Gold,18k Gold,Daytona,StoreInventory,Bad deal
6994,6994,pre-owned,16803,Automatic,18k Gold,18k Gold,Submariner,FixedPrice,Good deal
6357,6357,pre-owned,16600,Automatic,Stainless Steel,Stainless Steel,Sea-Dweller,Auction,Good deal
4151,4106,pre-owned,16233,Automatic,18k Gold,Two Tone 18k Gold,Datejust,Auction,Good deal
9900,9900,pre-owned,1803,Automatic,18k Gold,18k Gold,President,StoreInventory,Bad deal
6826,6695,pre-owned,126334,Automatic,Stainless Steel,Stainless Steel,Datejust,StoreInventory,Good deal
7025,7000,pre-owned,1803,Automatic,18k Gold,Leather,President,StoreInventory,Good deal
6000,6000,pre-owned,1603,Automatic,Stainless Steel,Stainless Steel,Datejust,StoreInventory,Bad deal
3200,3200,pre-owned,1601,Automatic,Stainless Steel,Leather,Turn-O-Graph,StoreInventory,Bad deal
7150,7150,pre-owned,116233,Automatic,18k Gold,18k Gold,Datejust,FixedPrice,Bad deal
5050,5050,pre-owned,16263,Automatic,Stainless Steel,Leather,Datejust,FixedPrice,Bad deal
4000,4000,pre-owned,16013,Automatic,Stainless Steel,Leather,Datejust,Auction,Bad deal
9300,9300,pre-owned,1803,Automatic,18k Gold,18k Gold,President,Auction,Bad deal
9900,9900,pre-owned,116334,Automatic,18k Gold,Stainless Steel,Datejust,StoreInventory,Bad deal
3000,3000,pre-owned,5500,Automatic,Stainless Steel,Stainless Steel,Oysterdate,Auction,Good deal
7815,7800,pre-owned,1803,Automatic,18k Gold,Leather,President,StoreInventory,Good deal
3949,3949,seller refurbished,16014,Automatic,18k Gold,Stainless Steel,Datejust,FixedPrice,Bad deal
3000,3000,pre-owned,1601,Automatic,18k Gold,Two Tone 18k Gold,Oysterdate,FixedPrice,Good deal
4500,4500,pre-owned,18038,Automatic,18k Gold,18k Gold,President,FixedPrice,Good deal
11399,11399,pre-owned,116613,Automatic,Stainless Steel,18k Gold,Submariner,StoreInventory,Bad deal
8850,8850,pre-owned,116334,Automatic,Stainless Steel,Stainless Steel,Datejust,StoreInventory,Bad deal
6400,6345,pre-owned,16610,Automatic,Stainless Steel,Stainless Steel,Submariner,StoreInventory,Good deal
8550,8550,pre-owned,16613,Automatic,Stainless Steel,Two Tone 10k Gold,Submariner,StoreInventory,Bad deal
12000,12000,pre-owned,18238,Automatic,18k Gold,Leather,President,FixedPrice,Bad deal
6445,6425,pre-owned,16610,Automatic,Stainless Steel,Stainless Steel,Submariner,Auction,Good deal
4995,4995,pre-owned,16013,Automatic,18k Gold,18k Gold,Datejust,StoreInventory,Bad deal
3500,3500,pre-owned,1603,Automatic,Stainless Steel,Stainless Steel,Datejust,StoreInventory,Bad deal
6366,6366,pre-owned,69178,Automatic,18k Gold,18k Gold,Datejust,FixedPrice,Bad deal
4710,4710,pre-owned,16030,Automatic,Stainless Steel,Stainless Steel,Datejust,Auction,Bad deal
4000,4000,pre-owned,16234,Automatic,Stainless Steel,Stainless Steel,Datejust,StoreInventory,Good deal
3151,3151,pre-owned,116264,Automatic,Stainless Steel,Stainless Steel,Turn-O-Graph,Auction,Good deal
3900,3900,pre-owned,16622,Automatic,Platinum,Stainless Steel,Yachmaster,Auction,Good deal
7010,6995,pre-owned,1503,Automatic,18k Gold,Leather,Datejust,FixedPrice,Bad deal
4900,4900,pre-owned,114300,Automatic,Stainless Steel,Stainless Steel,Oysterdate,StoreInventory,Good deal
6739,6689,pre-owned,1803,Automatic,18k Gold,18k Gold,President,Auction,Good deal
7150,7100,pre-owned,16613,Automatic,Stainless Steel,Two Tone 18k Gold,Submariner,FixedPrice,Good deal
3100,3100,pre-owned,1603,Automatic,Stainless Steel,Stainless Steel,Datejust,FixedPrice,Bad deal
4290,4250,pre-owned,16234,Automatic,Stainless Steel,Stainless Steel,Datejust,StoreInventory,Good deal
6342,6342,pre-owned,16610,Automatic,Stainless Steel,Stainless Steel,Submariner,FixedPrice,Good deal
4050,4050,pre-owned,1505,Automatic,Stainless Steel,Two Tone 10k Gold,Datejust,Auction,Bad deal
6300,6300,pre-owned,16622,Automatic,Stainless Steel,Stainless Steel,Yachmaster,FixedPrice,Good deal
3500,3500,pre-owned,16013,Automatic,Stainless Steel,Two Tone 18k Gold,Datejust,StoreInventory,Good deal
9050,8980,pre-owned,116710,Automatic,Stainless Steel,Stainless Steel,GMT-Master,StoreInventory,Good deal
6001,6001,new without tags,16610,Automatic,Stainless Steel,Stainless Steel,Submariner,Auction,Good deal
4616,4616,pre-owned,1803,Automatic,18k Gold,18k Gold,Datejust,Auction,Good deal
8094,8094,pre-owned,16623,Automatic,18k Gold,18k Gold,Yachmaster,FixedPrice,Good deal
9000,9000,pre-owned,16610,Automatic,Stainless Steel,Stainless Steel,Submariner,Auction,Bad deal
5540,5500,pre-owned,16203,Automatic,Stainless Steel,Leather,Datejust,StoreInventory,Bad deal
6093,6093,pre-owned,116400,Automatic,Stainless Steel,Stainless Steel,Milgauss,FixedPrice,Bad deal
4500,4500,new with tags,114200,Automatic,Stainless Steel,Stainless Steel,Air-King,Auction,Bad deal
3600,3600,pre-owned,1601,Automatic,Stainless Steel,Leather,Datejust,StoreInventory,Bad deal
12000,12000,pre-owned,1803,Automatic,18k Gold,Leather,President,StoreInventory,Bad deal
6015,5990,pre-owned,116900,Automatic,Stainless Steel,Stainless Steel,Air-King,StoreInventory,Bad deal
3000,3000,pre-owned,16220,Automatic,Stainless Steel,Stainless Steel,Datejust,StoreInventory,Good deal
3500,3500,pre-owned,116900,Automatic,Stainless Steel,Stainless Steel,Air-King,Auction,Good deal
4525,4495,pre-owned,16264,Automatic,Stainless Steel,Stainless Steel,Turn-O-Graph,FixedPrice,Bad deal
5815,5750,pre-owned,69178,Automatic,18k Gold,18k Gold,Datejust,FixedPrice,Bad deal
5199,5199,pre-owned,16013,Automatic,Stainless Steel,18k Gold,Datejust,StoreInventory,Bad deal
8700,8700,pre-owned,1803,Automatic,18k Gold,18k Gold,President,Auction,Good deal
9910,9910,pre-owned,1803,Automatic,18k Gold,18k Gold,President,Auction,Bad deal
10994,10994,pre-owned,116710,Automatic,Stainless Steel,Stainless Steel,GMT-Master,FixedPrice,Bad deal
11520,11500,pre-owned,1601,Automatic,Stainless Steel,Stainless Steel,Datejust,StoreInventory,Bad deal
7500,7500,pre-owned,179173,Automatic,Stainless Steel,18k Gold,Datejust,FixedPrice,Bad deal
15805,15700,pre-owned,16523,Automatic,Stainless Steel,18k Gold,Daytona,FixedPrice,Bad deal
5000,5000,pre-owned,116300,Automatic,Stainless Steel,Stainless Steel,Datejust,FixedPrice,Good deal
9705,9655,pre-owned,126333,Automatic,Stainless Steel,18k Gold,Datejust,Auction,Good deal
7835,7795,pre-owned,16613,Automatic,Stainless Steel,Two Tone 18k Gold,Submariner,StoreInventory,Bad deal
4300,4300,pre-owned,116000,Automatic,Stainless Steel,Stainless Steel,Oysterdate,FixedPrice,Good deal
6278,6278,pre-owned,116300,Automatic,Stainless Steel,Stainless Steel,Datejust,FixedPrice,Bad deal
4750,4750,pre-owned,1601,Automatic,Stainless Steel,Stainless Steel,Datejust,StoreInventory,Bad deal
11500,11500,pre-owned,116660,Automatic,Stainless Steel,Stainless Steel,Sea-Dweller,FixedPrice,Bad deal
4495,4495,pre-owned,214270,Automatic,Stainless Steel,Stainless Steel,Explorer,FixedPrice,Good deal
6500,6500,pre-owned,16610,Automatic,Stainless Steel,Stainless Steel,Submariner,StoreInventory,Good deal
10600,10600,pre-owned,16610,Automatic,Stainless Steel,Stainless Steel,Submariner,FixedPrice,Bad deal
6528,6478,pre-owned,16610,Automatic,Stainless Steel,Stainless Steel,Submariner,StoreInventory,Good deal
8900,8900,pre-owned,116610,Automatic,Stainless Steel,Stainless Steel,Submariner,StoreInventory,Bad deal
11057,11057,pre-owned,16750,Automatic,Stainless Steel,Stainless Steel,GMT-Master,Auction,Bad deal
5040,5040,pre-owned,16013,Automatic,Stainless Steel,Leather,Datejust,Auction,Bad deal
3200,3200,pre-owned,1601,Automatic,Stainless Steel,Stainless Steel,Datejust,StoreInventory,Bad deal
8797,8797,pre-owned,116710,Automatic,Stainless Steel,Stainless Steel,GMT-Master,FixedPrice,Good deal
8895,8895,pre-owned,16610,Automatic,Stainless Steel,Stainless Steel,Submariner,FixedPrice,Bad deal
5800,5800,pre-owned,69178,Automatic,18k Gold,18k Gold,Datejust,StoreInventory,Bad deal
